date,item,quantity,day_of_week,day_of_month,month,year,week_of_year,is_weekend,lag_1w_ago,lag_2w_ago,lag_3w_ago,lag_4w_ago,lag_1y_same_week,lag_2y_same_week,rolling_mean_operational,rolling_std_operational
2021-01-01,Croissant,0.0,4,1,1,2021,53,0,54.09,54.09,54.09,54.09,54.09,54.09,0.0,0.0
2021-01-01,Danish,0.0,4,1,1,2021,53,0,30.3,30.3,30.3,30.3,30.3,30.3,0.0,0.0
2021-01-02,Danish,0.0,5,2,1,2021,53,1,0.0,0.0,0.0,0.0,30.3,30.3,0.0,0.0
2021-01-02,Croissant,0.0,5,2,1,2021,53,1,0.0,0.0,0.0,0.0,54.09,54.09,0.0,0.0
2021-01-03,Croissant,0.0,6,3,1,2021,53,1,0.0,0.0,0.0,0.0,54.09,54.09,0.0,0.0
2021-01-03,Danish,0.0,6,3,1,2021,53,1,0.0,0.0,0.0,0.0,30.3,30.3,0.0,0.0
2021-01-07,Croissant,0.0,3,7,1,2021,1,0,0.0,0.0,0.0,0.0,54.09,54.09,0.0,0.0
2021-01-07,Danish,0.0,3,7,1,2021,1,0,0.0,0.0,0.0,0.0,30.3,30.3,0.0,0.0
2021-01-08,Croissant,0.0,4,8,1,2021,1,0,0.0,0.0,0.0,0.0,54.09,54.09,0.0,0.0
2021-01-08,Danish,0.0,4,8,1,2021,1,0,0.0,0.0,0.0,0.0,30.3,30.3,0.0,0.0
2021-01-09,Danish,30.3,5,9,1,2021,1,1,30.3,30.3,30.3,30.3,30.3,30.3,0.0,0.0
2021-01-09,Croissant,54.09,5,9,1,2021,1,1,54.09,54.09,54.09,54.09,54.09,54.09,0.0,0.0
2021-01-10,Danish,30.3,6,10,1,2021,1,1,30.3,30.3,30.3,30.3,30.3,30.3,0.0,0.0
2021-01-10,Croissant,54.09,6,10,1,2021,1,1,54.09,54.09,54.09,54.09,54.09,54.09,0.0,0.0
2021-01-14,Danish,30.3,3,14,1,2021,2,0,30.3,30.3,30.3,30.3,30.3,30.3,0.0,0.0
2021-01-14,Croissant,54.09,3,14,1,2021,2,0,54.09,54.09,54.09,54.09,54.09,54.09,0.0,0.0
2021-01-15,Danish,0.0,4,15,1,2021,2,0,0.0,0.0,30.3,30.3,30.3,30.3,0.0,0.0
2021-01-15,Croissant,0.0,4,15,1,2021,2,0,0.0,0.0,54.09,54.09,54.09,54.09,0.0,0.0
2021-01-16,Danish,30.3,5,16,1,2021,2,1,30.3,30.3,30.3,30.3,30.3,30.3,0.0,0.0
2021-01-16,Croissant,54.09,5,16,1,2021,2,1,54.09,54.09,54.09,54.09,54.09,54.09,0.0,0.0
2021-01-17,Danish,30.3,6,17,1,2021,2,1,30.3,30.3,30.3,30.3,30.3,30.3,0.0,0.0
2021-01-17,Croissant,54.09,6,17,1,2021,2,1,54.09,54.09,54.09,54.09,54.09,54.09,0.0,0.0
2021-01-21,Danish,30.3,3,21,1,2021,3,0,30.3,30.3,30.3,30.3,30.3,30.3,0.0,0.0
2021-01-21,Croissant,54.09,3,21,1,2021,3,0,54.09,54.09,54.09,54.09,54.09,54.09,0.0,0.0
2021-01-22,Croissant,0.0,4,22,1,2021,3,0,0.0,0.0,0.0,54.09,54.09,54.09,0.0,0.0
2021-01-22,Danish,0.0,4,22,1,2021,3,0,0.0,0.0,0.0,30.3,30.3,30.3,0.0,0.0
2021-01-23,Croissant,54.09,5,23,1,2021,3,1,54.09,54.09,54.09,54.09,54.09,54.09,0.0,0.0
2021-01-23,Danish,30.3,5,23,1,2021,3,1,30.3,30.3,30.3,30.3,30.3,30.3,0.0,0.0
2021-01-24,Croissant,54.09,6,24,1,2021,3,1,54.09,54.09,54.09,54.09,54.09,54.09,0.0,0.0
2021-01-24,Danish,30.3,6,24,1,2021,3,1,30.3,30.3,30.3,30.3,30.3,30.3,0.0,0.0
2021-01-28,Danish,30.3,3,28,1,2021,4,0,30.3,30.3,30.3,30.3,30.3,30.3,0.0,0.0
2021-01-28,Croissant,54.09,3,28,1,2021,4,0,54.09,54.09,54.09,54.09,54.09,54.09,0.0,0.0
2021-01-29,Croissant,0.0,4,29,1,2021,4,0,0.0,0.0,0.0,0.0,54.09,54.09,0.0,0.0
2021-01-29,Danish,0.0,4,29,1,2021,4,0,0.0,0.0,0.0,0.0,30.3,30.3,0.0,0.0
2021-01-30,Croissant,54.09,5,30,1,2021,4,1,54.09,54.09,54.09,54.09,54.09,54.09,0.0,0.0
2021-01-30,Danish,30.3,5,30,1,2021,4,1,30.3,30.3,30.3,30.3,30.3,30.3,0.0,0.0
2021-01-31,Croissant,54.09,6,31,1,2021,4,1,54.09,54.09,54.09,54.09,54.09,54.09,0.0,0.0
2021-01-31,Danish,30.3,6,31,1,2021,4,1,30.3,30.3,30.3,30.3,30.3,30.3,0.0,0.0
2021-02-04,Croissant,54.09,3,4,2,2021,5,0,54.09,54.09,54.09,54.09,54.09,54.09,0.0,0.0
2021-02-04,Danish,30.3,3,4,2,2021,5,0,30.3,30.3,30.3,30.3,30.3,30.3,0.0,0.0
2021-02-05,Danish,30.3,4,5,2,2021,5,0,30.3,30.3,30.3,30.3,30.3,30.3,0.0,0.0
2021-02-05,Croissant,54.09,4,5,2,2021,5,0,54.09,54.09,54.09,54.09,54.09,54.09,0.0,0.0
2021-02-06,Danish,30.3,5,6,2,2021,5,1,30.3,30.3,30.3,30.3,30.3,30.3,0.0,0.0
2021-02-06,Croissant,54.09,5,6,2,2021,5,1,54.09,54.09,54.09,54.09,54.09,54.09,0.0,0.0
2021-02-07,Danish,30.3,6,7,2,2021,5,1,30.3,30.3,30.3,30.3,30.3,30.3,0.0,0.0
2021-02-07,Croissant,54.09,6,7,2,2021,5,1,54.09,54.09,54.09,54.09,54.09,54.09,0.0,0.0
2021-02-11,Croissant,54.09,3,11,2,2021,6,0,54.09,54.09,54.09,54.09,54.09,54.09,0.0,0.0
2021-02-11,Danish,30.3,3,11,2,2021,6,0,30.3,30.3,30.3,30.3,30.3,30.3,0.0,0.0
2021-02-12,Danish,30.3,4,12,2,2021,6,0,30.3,30.3,30.3,30.3,30.3,30.3,0.0,0.0
2021-02-12,Croissant,54.09,4,12,2,2021,6,0,54.09,54.09,54.09,54.09,54.09,54.09,0.0,0.0
2021-02-13,Croissant,54.09,5,13,2,2021,6,1,54.09,54.09,54.09,54.09,54.09,54.09,0.0,0.0
2021-02-13,Danish,30.3,5,13,2,2021,6,1,30.3,30.3,30.3,30.3,30.3,30.3,0.0,0.0
2021-02-14,Croissant,54.09,6,14,2,2021,6,1,54.09,54.09,54.09,54.09,54.09,54.09,0.0,0.0
2021-02-14,Danish,30.3,6,14,2,2021,6,1,30.3,30.3,30.3,30.3,30.3,30.3,0.0,0.0
2021-02-18,Danish,30.3,3,18,2,2021,7,0,30.3,30.3,30.3,30.3,30.3,30.3,0.0,0.0
2021-02-18,Croissant,54.09,3,18,2,2021,7,0,54.09,54.09,54.09,54.09,54.09,54.09,0.0,0.0
2021-02-19,Danish,30.3,4,19,2,2021,7,0,30.3,30.3,30.3,30.3,30.3,30.3,0.0,0.0
2021-02-19,Croissant,54.09,4,19,2,2021,7,0,54.09,54.09,54.09,54.09,54.09,54.09,0.0,0.0
2021-02-20,Croissant,54.09,5,20,2,2021,7,1,54.09,54.09,54.09,54.09,54.09,54.09,0.0,0.0
2021-02-20,Danish,30.3,5,20,2,2021,7,1,30.3,30.3,30.3,30.3,30.3,30.3,0.0,0.0
2021-02-21,Croissant,54.09,6,21,2,2021,7,1,54.09,54.09,54.09,54.09,54.09,54.09,0.0,0.0
2021-02-21,Danish,30.3,6,21,2,2021,7,1,30.3,30.3,30.3,30.3,30.3,30.3,0.0,0.0
2021-02-25,Croissant,54.09,3,25,2,2021,8,0,54.09,54.09,54.09,54.09,54.09,54.09,0.0,0.0
2021-02-25,Danish,30.3,3,25,2,2021,8,0,30.3,30.3,30.3,30.3,30.3,30.3,0.0,0.0
2021-02-26,Danish,30.3,4,26,2,2021,8,0,30.3,30.3,30.3,30.3,30.3,30.3,0.0,0.0
2021-02-26,Croissant,54.09,4,26,2,2021,8,0,54.09,54.09,54.09,54.09,54.09,54.09,0.0,0.0
2021-02-27,Croissant,54.09,5,27,2,2021,8,1,54.09,54.09,54.09,54.09,54.09,54.09,0.0,0.0
2021-02-27,Danish,30.3,5,27,2,2021,8,1,30.3,30.3,30.3,30.3,30.3,30.3,0.0,0.0
2021-02-28,Danish,30.3,6,28,2,2021,8,1,30.3,30.3,30.3,30.3,30.3,30.3,0.0,0.0
2021-02-28,Croissant,54.09,6,28,2,2021,8,1,54.09,54.09,54.09,54.09,54.09,54.09,0.0,0.0
2021-03-04,Danish,30.3,3,4,3,2021,9,0,30.3,30.3,30.3,30.3,30.3,30.3,0.0,0.0
2021-03-04,Croissant,54.09,3,4,3,2021,9,0,54.09,54.09,54.09,54.09,54.09,54.09,0.0,0.0
2021-03-05,Croissant,54.09,4,5,3,2021,9,0,54.09,54.09,54.09,54.09,54.09,54.09,0.0,0.0
2021-03-05,Danish,30.3,4,5,3,2021,9,0,30.3,30.3,30.3,30.3,30.3,30.3,0.0,0.0
2021-03-06,Croissant,54.09,5,6,3,2021,9,1,54.09,54.09,54.09,54.09,54.09,54.09,0.0,0.0
2021-03-06,Danish,30.3,5,6,3,2021,9,1,30.3,30.3,30.3,30.3,30.3,30.3,0.0,0.0
2021-03-07,Croissant,54.09,6,7,3,2021,9,1,54.09,54.09,54.09,54.09,54.09,54.09,0.0,0.0
2021-03-07,Danish,30.3,6,7,3,2021,9,1,30.3,30.3,30.3,30.3,30.3,30.3,0.0,0.0
2021-03-11,Croissant,54.09,3,11,3,2021,10,0,54.09,54.09,54.09,54.09,54.09,54.09,0.0,0.0
2021-03-11,Danish,30.3,3,11,3,2021,10,0,30.3,30.3,30.3,30.3,30.3,30.3,0.0,0.0
2021-03-12,Croissant,54.09,4,12,3,2021,10,0,54.09,54.09,54.09,54.09,54.09,54.09,0.0,0.0
2021-03-12,Danish,30.3,4,12,3,2021,10,0,30.3,30.3,30.3,30.3,30.3,30.3,0.0,0.0
2021-03-13,Danish,30.3,5,13,3,2021,10,1,30.3,30.3,30.3,30.3,30.3,30.3,0.0,0.0
2021-03-13,Croissant,54.09,5,13,3,2021,10,1,54.09,54.09,54.09,54.09,54.09,54.09,0.0,0.0
2021-03-14,Danish,30.3,6,14,3,2021,10,1,30.3,30.3,30.3,30.3,30.3,30.3,0.0,0.0
2021-03-14,Croissant,54.09,6,14,3,2021,10,1,54.09,54.09,54.09,54.09,54.09,54.09,0.0,0.0
2021-03-18,Danish,30.3,3,18,3,2021,11,0,30.3,30.3,30.3,30.3,30.3,30.3,0.0,0.0
2021-03-18,Croissant,54.09,3,18,3,2021,11,0,54.09,54.09,54.09,54.09,54.09,54.09,0.0,0.0
2021-03-19,Danish,30.3,4,19,3,2021,11,0,30.3,30.3,30.3,30.3,30.3,30.3,0.0,0.0
2021-03-19,Croissant,54.09,4,19,3,2021,11,0,54.09,54.09,54.09,54.09,54.09,54.09,0.0,0.0
2021-03-20,Croissant,54.09,5,20,3,2021,11,1,54.09,54.09,54.09,54.09,54.09,54.09,0.0,0.0
2021-03-20,Danish,30.3,5,20,3,2021,11,1,30.3,30.3,30.3,30.3,30.3,30.3,0.0,0.0
2021-03-21,Croissant,54.09,6,21,3,2021,11,1,54.09,54.09,54.09,54.09,54.09,54.09,0.0,0.0
2021-03-21,Danish,30.3,6,21,3,2021,11,1,30.3,30.3,30.3,30.3,30.3,30.3,0.0,0.0
2021-03-25,Croissant,54.09,3,25,3,2021,12,0,54.09,54.09,54.09,54.09,54.09,54.09,0.0,0.0
2021-03-25,Danish,30.3,3,25,3,2021,12,0,30.3,30.3,30.3,30.3,30.3,30.3,0.0,0.0
2021-03-26,Danish,30.3,4,26,3,2021,12,0,30.3,30.3,30.3,30.3,30.3,30.3,0.0,0.0
2021-03-26,Croissant,54.09,4,26,3,2021,12,0,54.09,54.09,54.09,54.09,54.09,54.09,0.0,0.0
2021-03-27,Danish,30.3,5,27,3,2021,12,1,30.3,30.3,30.3,30.3,30.3,30.3,0.0,0.0
2021-03-27,Croissant,54.09,5,27,3,2021,12,1,54.09,54.09,54.09,54.09,54.09,54.09,0.0,0.0
2021-03-28,Danish,30.3,6,28,3,2021,12,1,30.3,30.3,30.3,30.3,30.3,30.3,0.0,0.0
2021-03-28,Croissant,54.09,6,28,3,2021,12,1,54.09,54.09,54.09,54.09,54.09,54.09,0.0,0.0
2021-04-01,Croissant,54.09,3,1,4,2021,13,0,54.09,54.09,54.09,54.09,54.09,54.09,0.0,0.0
2021-04-01,Danish,30.3,3,1,4,2021,13,0,30.3,30.3,30.3,30.3,30.3,30.3,0.0,0.0
2021-04-02,Danish,30.3,4,2,4,2021,13,0,30.3,30.3,30.3,30.3,30.3,30.3,0.0,0.0
2021-04-02,Croissant,54.09,4,2,4,2021,13,0,54.09,54.09,54.09,54.09,54.09,54.09,0.0,0.0
2021-04-03,Danish,30.3,5,3,4,2021,13,1,30.3,30.3,30.3,30.3,30.3,30.3,0.0,0.0
2021-04-03,Croissant,54.09,5,3,4,2021,13,1,54.09,54.09,54.09,54.09,54.09,54.09,0.0,0.0
2021-04-04,Croissant,54.09,6,4,4,2021,13,1,54.09,54.09,54.09,54.09,54.09,54.09,0.0,0.0
2021-04-04,Danish,30.3,6,4,4,2021,13,1,30.3,30.3,30.3,30.3,30.3,30.3,0.0,0.0
2021-04-08,Danish,30.3,3,8,4,2021,14,0,30.3,30.3,30.3,30.3,30.3,30.3,0.0,0.0
2021-04-08,Croissant,54.09,3,8,4,2021,14,0,54.09,54.09,54.09,54.09,54.09,54.09,0.0,0.0
2021-04-09,Danish,30.3,4,9,4,2021,14,0,30.3,30.3,30.3,30.3,30.3,30.3,0.0,0.0
2021-04-09,Croissant,54.09,4,9,4,2021,14,0,54.09,54.09,54.09,54.09,54.09,54.09,0.0,0.0
2021-04-10,Danish,30.3,5,10,4,2021,14,1,30.3,30.3,30.3,30.3,30.3,30.3,0.0,0.0
2021-04-10,Croissant,54.09,5,10,4,2021,14,1,54.09,54.09,54.09,54.09,54.09,54.09,0.0,0.0
2021-04-11,Croissant,54.09,6,11,4,2021,14,1,54.09,54.09,54.09,54.09,54.09,54.09,0.0,0.0
2021-04-11,Danish,30.3,6,11,4,2021,14,1,30.3,30.3,30.3,30.3,30.3,30.3,0.0,0.0
2021-04-15,Danish,30.3,3,15,4,2021,15,0,30.3,30.3,30.3,30.3,30.3,30.3,0.0,0.0
2021-04-15,Croissant,54.09,3,15,4,2021,15,0,54.09,54.09,54.09,54.09,54.09,54.09,0.0,0.0
2021-04-16,Danish,30.3,4,16,4,2021,15,0,30.3,30.3,30.3,30.3,30.3,30.3,0.0,0.0
2021-04-16,Croissant,54.09,4,16,4,2021,15,0,54.09,54.09,54.09,54.09,54.09,54.09,0.0,0.0
2021-04-17,Danish,30.3,5,17,4,2021,15,1,30.3,30.3,30.3,30.3,30.3,30.3,0.0,0.0
2021-04-17,Croissant,54.09,5,17,4,2021,15,1,54.09,54.09,54.09,54.09,54.09,54.09,0.0,0.0
2021-04-18,Danish,30.3,6,18,4,2021,15,1,30.3,30.3,30.3,30.3,30.3,30.3,0.0,0.0
2021-04-18,Croissant,54.09,6,18,4,2021,15,1,54.09,54.09,54.09,54.09,54.09,54.09,0.0,0.0
2021-04-22,Croissant,54.09,3,22,4,2021,16,0,54.09,54.09,54.09,54.09,54.09,54.09,0.0,0.0
2021-04-22,Danish,30.3,3,22,4,2021,16,0,30.3,30.3,30.3,30.3,30.3,30.3,0.0,0.0
2021-04-23,Danish,30.3,4,23,4,2021,16,0,30.3,30.3,30.3,30.3,30.3,30.3,0.0,0.0
2021-04-23,Croissant,54.09,4,23,4,2021,16,0,54.09,54.09,54.09,54.09,54.09,54.09,0.0,0.0
2021-04-24,Croissant,54.09,5,24,4,2021,16,1,54.09,54.09,54.09,54.09,54.09,54.09,0.0,0.0
2021-04-24,Danish,30.3,5,24,4,2021,16,1,30.3,30.3,30.3,30.3,30.3,30.3,0.0,0.0
2021-04-25,Danish,30.3,6,25,4,2021,16,1,30.3,30.3,30.3,30.3,30.3,30.3,0.0,0.0
2021-04-25,Croissant,54.09,6,25,4,2021,16,1,54.09,54.09,54.09,54.09,54.09,54.09,0.0,0.0
2021-04-29,Danish,30.3,3,29,4,2021,17,0,30.3,30.3,30.3,30.3,30.3,30.3,0.0,0.0
2021-04-29,Croissant,54.09,3,29,4,2021,17,0,54.09,54.09,54.09,54.09,54.09,54.09,0.0,0.0
2021-04-30,Croissant,54.09,4,30,4,2021,17,0,54.09,54.09,54.09,54.09,54.09,54.09,0.0,0.0
2021-04-30,Danish,30.3,4,30,4,2021,17,0,30.3,30.3,30.3,30.3,30.3,30.3,0.0,0.0
2021-05-01,Danish,30.3,5,1,5,2021,17,1,30.3,30.3,30.3,30.3,30.3,30.3,0.0,0.0
2021-05-01,Croissant,54.09,5,1,5,2021,17,1,54.09,54.09,54.09,54.09,54.09,54.09,0.0,0.0
2021-05-02,Croissant,54.09,6,2,5,2021,17,1,54.09,54.09,54.09,54.09,54.09,54.09,0.0,0.0
2021-05-02,Danish,30.3,6,2,5,2021,17,1,30.3,30.3,30.3,30.3,30.3,30.3,0.0,0.0
2021-05-06,Danish,30.3,3,6,5,2021,18,0,30.3,30.3,30.3,30.3,30.3,30.3,0.0,0.0
2021-05-06,Croissant,54.09,3,6,5,2021,18,0,54.09,54.09,54.09,54.09,54.09,54.09,0.0,0.0
2021-05-07,Danish,30.3,4,7,5,2021,18,0,30.3,30.3,30.3,30.3,30.3,30.3,0.0,0.0
2021-05-07,Croissant,54.09,4,7,5,2021,18,0,54.09,54.09,54.09,54.09,54.09,54.09,0.0,0.0
2021-05-08,Croissant,54.09,5,8,5,2021,18,1,54.09,54.09,54.09,54.09,54.09,54.09,0.0,0.0
2021-05-08,Danish,30.3,5,8,5,2021,18,1,30.3,30.3,30.3,30.3,30.3,30.3,0.0,0.0
2021-05-09,Danish,30.3,6,9,5,2021,18,1,30.3,30.3,30.3,30.3,30.3,30.3,0.0,0.0
2021-05-09,Croissant,54.09,6,9,5,2021,18,1,54.09,54.09,54.09,54.09,54.09,54.09,0.0,0.0
2021-05-13,Croissant,42.0,3,13,5,2021,19,0,54.09,54.09,54.09,54.09,54.09,54.09,0.0,0.0
2021-05-13,Danish,27.0,3,13,5,2021,19,0,30.3,30.3,30.3,30.3,30.3,30.3,0.0,0.0
2021-05-14,Croissant,61.0,4,14,5,2021,19,0,42.0,42.0,42.0,42.0,54.09,54.09,42.0,0.0
2021-05-14,Danish,27.0,4,14,5,2021,19,0,27.0,27.0,27.0,27.0,30.3,30.3,27.0,0.0
2021-05-15,Danish,59.0,5,15,5,2021,19,1,27.0,27.0,27.0,27.0,30.3,30.3,27.0,0.0
2021-05-15,Croissant,100.0,5,15,5,2021,19,1,51.5,51.5,51.5,51.5,54.09,54.09,51.5,13.44
2021-05-16,Danish,28.0,6,16,5,2021,19,1,37.67,37.67,37.67,37.67,30.3,30.3,37.67,18.48
2021-05-16,Croissant,53.0,6,16,5,2021,19,1,67.67,67.67,67.67,67.67,54.09,54.09,67.67,29.57
2021-05-20,Croissant,19.0,3,20,5,2021,20,0,42.0,64.0,64.0,64.0,54.09,54.09,64.0,25.23
2021-05-20,Danish,11.0,3,20,5,2021,20,0,27.0,35.25,35.25,35.25,30.3,30.3,35.25,15.84
2021-05-21,Croissant,52.0,4,21,5,2021,20,0,61.0,58.25,58.25,58.25,54.09,54.09,58.25,33.26
2021-05-21,Danish,32.0,4,21,5,2021,20,0,27.0,31.25,31.25,31.25,30.3,30.3,31.25,20.07
2021-05-22,Croissant,94.0,5,22,5,2021,20,1,100.0,56.0,56.0,56.0,54.09,54.09,56.0,33.32
2021-05-22,Danish,37.0,5,22,5,2021,20,1,59.0,32.5,32.5,32.5,30.3,30.3,32.5,19.87
2021-05-23,Croissant,47.0,6,23,5,2021,20,1,53.0,54.5,54.5,54.5,54.09,54.09,54.5,30.71
2021-05-23,Danish,10.0,6,23,5,2021,20,1,28.0,27.0,27.0,27.0,30.3,30.3,27.0,11.28
2021-05-27,Croissant,40.0,3,27,5,2021,21,0,19.0,42.0,53.0,53.0,54.09,54.09,53.0,30.95
2021-05-27,Danish,17.0,3,27,5,2021,21,0,11.0,27.0,22.5,22.5,30.3,30.3,22.5,14.01
2021-05-28,Croissant,80.0,4,28,5,2021,21,0,52.0,61.0,58.25,58.25,54.09,54.09,58.25,24.34
2021-05-28,Danish,36.0,4,28,5,2021,21,0,32.0,27.0,24.0,24.0,30.3,30.3,24.0,12.62
2021-05-29,Croissant,95.0,5,29,5,2021,21,1,94.0,100.0,65.25,65.25,54.09,54.09,65.25,25.91
2021-05-29,Danish,60.0,5,29,5,2021,21,1,37.0,59.0,25.0,25.0,30.3,30.3,25.0,13.59
2021-05-30,Danish,24.0,6,30,5,2021,21,1,10.0,28.0,30.75,30.75,30.3,30.3,30.75,22.38
2021-05-30,Croissant,66.0,6,30,5,2021,21,1,47.0,53.0,65.5,65.5,54.09,54.09,65.5,26.29
2021-06-03,Danish,28.0,3,3,6,2021,22,0,17.0,11.0,27.0,34.25,30.3,30.3,34.25,18.87
2021-06-03,Croissant,53.0,3,3,6,2021,22,0,40.0,19.0,42.0,70.25,54.09,54.09,70.25,23.39
2021-06-04,Croissant,47.0,4,4,6,2021,22,0,80.0,52.0,61.0,73.5,54.09,54.09,73.5,18.08
2021-06-04,Danish,22.0,4,4,6,2021,22,0,36.0,32.0,27.0,37.0,30.3,30.3,37.0,16.12
2021-06-05,Danish,38.0,5,5,6,2021,22,1,60.0,37.0,59.0,33.5,30.3,30.3,33.5,17.84
2021-06-05,Croissant,85.0,5,5,6,2021,22,1,95.0,94.0,100.0,65.25,54.09,54.09,65.25,21.36
2021-06-06,Danish,8.0,6,6,6,2021,22,1,24.0,10.0,28.0,28.0,30.3,30.3,28.0,7.12
2021-06-06,Croissant,33.0,6,6,6,2021,22,1,66.0,47.0,53.0,62.75,54.09,54.09,62.75,16.82
2021-06-10,Danish,18.0,3,10,6,2021,23,0,28.0,17.0,11.0,27.0,30.3,30.3,24.0,12.54
2021-06-10,Croissant,35.0,3,10,6,2021,23,0,53.0,40.0,19.0,42.0,54.09,54.09,54.5,21.99
2021-06-11,Danish,27.0,4,11,6,2021,23,0,22.0,36.0,32.0,27.0,30.3,30.3,21.5,12.48
2021-06-11,Croissant,49.0,4,11,6,2021,23,0,47.0,80.0,52.0,61.0,54.09,54.09,50.0,24.14
2021-06-12,Croissant,93.0,5,12,6,2021,23,1,85.0,95.0,94.0,100.0,54.09,54.09,50.5,24.08
2021-06-12,Danish,24.0,5,12,6,2021,23,1,38.0,60.0,37.0,59.0,30.3,30.3,22.75,12.79
2021-06-13,Danish,23.0,6,13,6,2021,23,1,8.0,24.0,10.0,28.0,30.3,30.3,19.25,8.38
2021-06-13,Croissant,42.0,6,13,6,2021,23,1,33.0,66.0,47.0,53.0,54.09,54.09,52.5,27.92
2021-06-17,Croissant,34.0,3,17,6,2021,24,0,35.0,53.0,40.0,19.0,54.09,54.09,54.75,26.13
2021-06-17,Danish,15.0,3,17,6,2021,24,0,18.0,28.0,17.0,11.0,30.3,30.3,23.0,3.74
2021-06-18,Croissant,51.0,4,18,6,2021,24,0,49.0,47.0,80.0,52.0,54.09,54.09,54.5,26.39
2021-06-18,Danish,25.0,4,18,6,2021,24,0,27.0,22.0,36.0,32.0,30.3,30.3,22.25,5.12
2021-06-19,Croissant,110.0,5,19,6,2021,24,1,93.0,85.0,95.0,94.0,54.09,54.09,55.0,26.27
2021-06-19,Danish,50.0,5,19,6,2021,24,1,24.0,38.0,60.0,37.0,30.3,30.3,21.75,4.57
2021-06-20,Croissant,67.0,6,20,6,2021,24,1,42.0,33.0,66.0,47.0,54.09,54.09,59.25,34.54
2021-06-20,Danish,28.0,6,20,6,2021,24,1,23.0,8.0,24.0,10.0,30.3,30.3,28.25,15.13
2021-06-24,Croissant,50.0,3,24,6,2021,25,0,34.0,35.0,53.0,40.0,54.09,54.09,65.5,32.58
2021-06-24,Danish,11.0,3,24,6,2021,25,0,15.0,18.0,28.0,17.0,30.3,30.3,29.5,14.75
2021-06-25,Croissant,65.0,4,25,6,2021,25,0,51.0,49.0,47.0,80.0,54.09,54.09,69.5,28.1
2021-06-25,Danish,11.0,4,25,6,2021,25,0,25.0,27.0,22.0,36.0,30.3,30.3,28.5,16.13
2021-06-26,Croissant,84.0,5,26,6,2021,25,1,110.0,93.0,85.0,95.0,54.09,54.09,73.0,25.81
2021-06-26,Danish,24.0,5,26,6,2021,25,1,50.0,24.0,38.0,60.0,30.3,30.3,25.0,18.49
2021-06-27,Croissant,28.0,6,27,6,2021,25,1,67.0,42.0,33.0,66.0,54.09,54.09,66.5,13.92
2021-06-27,Danish,10.0,6,27,6,2021,25,1,28.0,23.0,8.0,24.0,30.3,30.3,18.5,8.81
2021-07-01,Croissant,53.0,3,1,7,2021,26,0,50.0,34.0,35.0,53.0,54.09,54.09,56.75,23.68
2021-07-01,Danish,6.0,3,1,7,2021,26,0,11.0,15.0,18.0,28.0,30.3,30.3,14.0,6.68
2021-07-02,Danish,12.0,4,2,7,2021,26,0,11.0,25.0,27.0,22.0,30.3,30.3,12.75,7.8
2021-07-02,Croissant,73.0,4,2,7,2021,26,0,65.0,51.0,49.0,47.0,54.09,54.09,57.5,23.44
2021-07-03,Croissant,111.0,5,3,7,2021,26,1,84.0,110.0,93.0,85.0,54.09,54.09,59.5,24.61
2021-07-03,Danish,12.0,5,3,7,2021,26,1,24.0,50.0,24.0,38.0,30.3,30.3,13.0,7.75
2021-07-04,Danish,0.0,6,4,7,2021,26,1,10.0,28.0,23.0,8.0,30.3,30.3,10.0,2.83
2021-07-04,Croissant,0.0,6,4,7,2021,26,1,28.0,67.0,42.0,33.0,54.09,54.09,66.25,35.06
2021-07-08,Danish,10.0,3,8,7,2021,27,0,6.0,11.0,15.0,18.0,30.3,30.3,7.5,5.74
2021-07-08,Croissant,42.0,3,8,7,2021,27,0,53.0,50.0,34.0,35.0,54.09,54.09,59.25,46.25
2021-07-09,Croissant,71.0,4,9,7,2021,27,0,73.0,65.0,51.0,49.0,54.09,54.09,56.5,47.06
2021-07-09,Danish,30.0,4,9,7,2021,27,0,12.0,11.0,25.0,27.0,30.3,30.3,8.5,5.74
2021-07-10,Danish,57.0,5,10,7,2021,27,1,12.0,24.0,50.0,24.0,30.3,30.3,13.0,12.49
2021-07-10,Croissant,108.0,5,10,7,2021,27,1,111.0,84.0,110.0,93.0,54.09,54.09,56.0,46.84
2021-07-11,Danish,29.0,6,11,7,2021,27,1,0.0,10.0,28.0,23.0,30.3,30.3,24.25,25.14
2021-07-11,Croissant,68.0,6,11,7,2021,27,1,0.0,28.0,67.0,42.0,54.09,54.09,55.25,45.68
2021-07-15,Danish,11.0,3,15,7,2021,28,0,10.0,6.0,11.0,15.0,30.3,30.3,31.5,19.33
2021-07-15,Croissant,26.0,3,15,7,2021,28,0,42.0,53.0,50.0,34.0,54.09,54.09,72.25,27.16
2021-07-16,Danish,23.0,4,16,7,2021,28,0,30.0,12.0,11.0,25.0,30.3,30.3,31.75,18.96
2021-07-16,Croissant,57.0,4,16,7,2021,28,0,71.0,73.0,65.0,51.0,54.09,54.09,68.25,33.53
2021-07-17,Danish,31.0,5,17,7,2021,28,1,57.0,12.0,24.0,50.0,30.3,30.3,30.0,19.49
2021-07-17,Croissant,99.0,5,17,7,2021,28,1,108.0,111.0,84.0,110.0,54.09,54.09,64.75,33.88
2021-07-18,Croissant,46.0,6,18,7,2021,28,1,68.0,0.0,28.0,67.0,54.09,54.09,62.5,30.14
2021-07-18,Danish,27.0,6,18,7,2021,28,1,29.0,0.0,10.0,28.0,30.3,30.3,23.5,9.0
2021-07-22,Croissant,66.0,3,22,7,2021,29,0,26.0,42.0,53.0,50.0,54.09,54.09,57.0,30.8
2021-07-22,Danish,12.0,3,22,7,2021,29,0,11.0,10.0,6.0,11.0,30.3,30.3,23.0,8.64
2021-07-23,Danish,31.0,4,23,7,2021,29,0,23.0,30.0,12.0,11.0,30.3,30.3,23.25,8.18
2021-07-23,Croissant,79.0,4,23,7,2021,29,0,57.0,71.0,73.0,65.0,54.09,54.09,67.0,22.85
2021-07-24,Croissant,86.0,5,24,7,2021,29,1,99.0,108.0,111.0,84.0,54.09,54.09,72.5,22.28
2021-07-24,Danish,14.0,5,24,7,2021,29,1,31.0,57.0,12.0,24.0,30.3,30.3,25.25,9.03
2021-07-25,Danish,10.0,6,25,7,2021,29,1,27.0,29.0,0.0,10.0,30.3,30.3,21.0,9.42
2021-07-25,Croissant,64.0,6,25,7,2021,29,1,46.0,68.0,0.0,28.0,54.09,54.09,69.25,17.58
2021-07-29,Croissant,42.0,3,29,7,2021,30,0,66.0,26.0,42.0,53.0,54.09,54.09,73.75,10.53
2021-07-29,Danish,12.0,3,29,7,2021,30,0,12.0,11.0,10.0,6.0,30.3,30.3,16.75,9.64
2021-07-30,Danish,12.0,4,30,7,2021,30,0,31.0,23.0,30.0,12.0,30.3,30.3,16.75,9.64
2021-07-30,Croissant,72.0,4,30,7,2021,30,0,79.0,57.0,71.0,73.0,54.09,54.09,67.75,19.47
2021-07-31,Croissant,89.0,5,31,7,2021,30,1,86.0,99.0,108.0,111.0,54.09,54.09,66.0,18.4
2021-07-31,Danish,24.0,5,31,7,2021,30,1,14.0,31.0,57.0,12.0,30.3,30.3,12.0,1.63
2021-08-01,Croissant,79.0,6,1,8,2021,30,1,64.0,46.0,68.0,0.0,54.09,54.09,66.75,19.52
2021-08-01,Danish,9.0,6,1,8,2021,30,1,10.0,27.0,29.0,0.0,30.3,30.3,14.5,6.4
2021-08-05,Croissant,53.0,3,5,8,2021,31,0,42.0,66.0,26.0,42.0,54.09,54.09,70.5,20.24
2021-08-05,Danish,14.0,3,5,8,2021,31,0,12.0,12.0,11.0,10.0,30.3,30.3,14.25,6.65
2021-08-06,Danish,16.0,4,6,8,2021,31,0,12.0,31.0,23.0,30.0,30.3,30.3,14.75,6.5
2021-08-06,Croissant,87.0,4,6,8,2021,31,0,72.0,79.0,57.0,71.0,54.09,54.09,73.25,15.2
2021-08-07,Croissant,133.0,5,7,8,2021,31,1,89.0,86.0,99.0,108.0,54.09,54.09,77.0,16.57
2021-08-07,Danish,13.0,5,7,8,2021,31,1,24.0,14.0,31.0,57.0,30.3,30.3,15.75,6.24
2021-08-08,Danish,15.0,6,8,8,2021,31,1,9.0,10.0,27.0,29.0,30.3,30.3,13.0,2.94
2021-08-08,Croissant,64.0,6,8,8,2021,31,1,79.0,64.0,46.0,68.0,54.09,54.09,88.0,33.33
2021-08-12,Danish,11.0,3,12,8,2021,32,0,14.0,12.0,12.0,11.0,30.3,30.3,14.5,1.29
2021-08-12,Croissant,55.0,3,12,8,2021,32,0,53.0,42.0,66.0,26.0,54.09,54.09,84.25,35.45
2021-08-13,Croissant,68.0,4,13,8,2021,32,0,87.0,72.0,79.0,57.0,54.09,54.09,84.75,34.87
2021-08-13,Danish,13.0,4,13,8,2021,32,0,16.0,12.0,31.0,23.0,30.3,30.3,13.75,2.22
2021-08-14,Danish,19.0,5,14,8,2021,32,1,13.0,24.0,14.0,31.0,30.3,30.3,13.0,1.63
2021-08-14,Croissant,99.0,5,14,8,2021,32,1,133.0,89.0,86.0,99.0,54.09,54.09,80.0,35.75
2021-08-15,Danish,16.0,6,15,8,2021,32,1,15.0,9.0,10.0,27.0,30.3,30.3,14.5,3.42
2021-08-15,Croissant,47.0,6,15,8,2021,32,1,64.0,79.0,64.0,46.0,54.09,54.09,71.5,19.12
2021-08-19,Croissant,82.0,3,19,8,2021,33,0,55.0,53.0,42.0,66.0,54.09,54.09,67.25,22.87
2021-08-19,Danish,15.0,3,19,8,2021,33,0,11.0,14.0,12.0,12.0,30.3,30.3,14.75,3.5
2021-08-20,Croissant,73.0,4,20,8,2021,33,0,68.0,87.0,72.0,79.0,54.09,54.09,74.0,22.02
2021-08-20,Danish,3.0,4,20,8,2021,33,0,13.0,16.0,12.0,31.0,30.3,30.3,15.75,2.5
2021-08-21,Croissant,125.0,5,21,8,2021,33,1,99.0,133.0,89.0,86.0,54.09,54.09,75.25,21.7
2021-08-21,Danish,31.0,5,21,8,2021,33,1,19.0,13.0,24.0,14.0,30.3,30.3,13.25,7.04
2021-08-22,Croissant,55.0,6,22,8,2021,33,1,47.0,64.0,79.0,64.0,54.09,54.09,81.75,32.43
2021-08-22,Danish,5.0,6,22,8,2021,33,1,16.0,15.0,9.0,10.0,30.3,30.3,16.25,11.47
2021-08-26,Danish,16.0,3,26,8,2021,34,0,15.0,11.0,14.0,12.0,30.3,30.3,13.5,12.79
2021-08-26,Croissant,73.0,3,26,8,2021,34,0,82.0,55.0,53.0,42.0,54.09,54.09,83.75,29.7
2021-08-27,Danish,9.0,4,27,8,2021,34,0,3.0,13.0,16.0,12.0,30.3,30.3,13.75,12.84
2021-08-27,Croissant,79.0,4,27,8,2021,34,0,73.0,68.0,87.0,72.0,54.09,54.09,81.5,30.22
2021-08-28,Croissant,97.0,5,28,8,2021,34,1,125.0,99.0,133.0,89.0,54.09,54.09,83.0,29.8
2021-08-28,Danish,15.0,5,28,8,2021,34,1,31.0,19.0,13.0,24.0,30.3,30.3,15.25,11.44
2021-08-29,Croissant,73.0,6,29,8,2021,34,1,55.0,47.0,64.0,79.0,54.09,54.09,76.0,17.32
2021-08-29,Danish,6.0,6,29,8,2021,34,1,5.0,16.0,15.0,9.0,30.3,30.3,11.25,5.19
2021-09-02,Croissant,37.0,3,2,9,2021,35,0,73.0,82.0,55.0,53.0,54.09,54.09,80.5,11.36
2021-09-02,Danish,6.0,3,2,9,2021,35,0,16.0,15.0,11.0,14.0,30.3,30.3,11.5,4.8
2021-09-03,Danish,12.0,4,3,9,2021,35,0,9.0,3.0,13.0,16.0,30.3,30.3,9.0,4.24
2021-09-03,Croissant,80.0,4,3,9,2021,35,0,79.0,73.0,68.0,87.0,54.09,54.09,71.5,25.16
2021-09-04,Croissant,101.0,5,4,9,2021,35,1,97.0,125.0,99.0,133.0,54.09,54.09,71.75,25.26
2021-09-04,Danish,18.0,5,4,9,2021,35,1,15.0,31.0,19.0,13.0,30.3,30.3,9.75,4.5
2021-09-05,Danish,14.0,6,5,9,2021,35,1,6.0,5.0,16.0,15.0,30.3,30.3,10.5,5.74
2021-09-05,Croissant,63.0,6,5,9,2021,35,1,73.0,55.0,47.0,64.0,54.09,54.09,72.75,26.64
2021-09-09,Danish,10.0,3,9,9,2021,36,0,6.0,16.0,15.0,11.0,30.3,30.3,12.5,5.0
2021-09-09,Croissant,32.0,3,9,9,2021,36,0,37.0,73.0,82.0,55.0,54.09,54.09,70.25,27.07
2021-09-10,Danish,8.0,4,10,9,2021,36,0,12.0,9.0,3.0,13.0,30.3,30.3,13.5,3.42
2021-09-10,Croissant,52.0,4,10,9,2021,36,0,80.0,79.0,73.0,68.0,54.09,54.09,69.0,29.15
2021-09-11,Danish,30.0,5,11,9,2021,36,1,18.0,15.0,31.0,19.0,30.3,30.3,12.5,4.43
2021-09-11,Croissant,88.0,5,11,9,2021,36,1,101.0,97.0,125.0,99.0,54.09,54.09,62.0,28.99
2021-09-12,Croissant,37.0,6,12,9,2021,36,1,63.0,73.0,55.0,47.0,54.09,54.09,58.75,23.34
2021-09-12,Danish,17.0,6,12,9,2021,36,1,14.0,6.0,5.0,16.0,30.3,30.3,15.5,9.98
2021-09-16,Danish,27.0,3,16,9,2021,37,0,10.0,6.0,16.0,15.0,30.3,30.3,16.25,9.95
2021-09-16,Croissant,27.0,3,16,9,2021,37,0,32.0,37.0,73.0,82.0,54.09,54.09,52.25,25.3
2021-09-17,Croissant,56.0,4,17,9,2021,37,0,52.0,80.0,79.0,73.0,54.09,54.09,51.0,26.72
2021-09-17,Danish,24.0,4,17,9,2021,37,0,8.0,12.0,9.0,3.0,30.3,30.3,20.5,10.02
2021-09-18,Croissant,79.0,5,18,9,2021,37,1,88.0,101.0,97.0,125.0,54.09,54.09,52.0,26.85
2021-09-18,Danish,31.0,5,18,9,2021,37,1,30.0,18.0,15.0,31.0,30.3,30.3,24.5,5.57
2021-09-19,Danish,44.0,6,19,9,2021,37,1,17.0,14.0,6.0,5.0,30.3,30.3,24.75,5.91
2021-09-19,Croissant,73.0,6,19,9,2021,37,1,37.0,63.0,73.0,55.0,54.09,54.09,49.75,22.91
2021-09-23,Croissant,29.0,3,23,9,2021,38,0,27.0,32.0,37.0,73.0,54.09,54.09,58.75,23.3
2021-09-23,Danish,8.0,3,23,9,2021,38,0,27.0,10.0,6.0,16.0,30.3,30.3,31.5,8.81
2021-09-24,Danish,23.0,4,24,9,2021,38,0,24.0,8.0,12.0,9.0,30.3,30.3,26.75,15.0
2021-09-24,Croissant,65.0,4,24,9,2021,38,0,56.0,52.0,80.0,79.0,54.09,54.09,59.25,22.4
2021-09-25,Danish,40.0,5,25,9,2021,38,1,31.0,30.0,18.0,15.0,30.3,30.3,26.5,15.07
2021-09-25,Croissant,81.0,5,25,9,2021,38,1,79.0,88.0,101.0,97.0,54.09,54.09,61.5,22.41
2021-09-26,Croissant,43.0,6,26,9,2021,38,1,73.0,37.0,63.0,73.0,54.09,54.09,62.0,22.95
2021-09-26,Danish,30.0,6,26,9,2021,38,1,44.0,17.0,14.0,6.0,30.3,30.3,28.75,16.56
2021-09-30,Danish,20.0,3,30,9,2021,39,0,8.0,27.0,10.0,6.0,30.3,30.3,25.25,13.45
2021-09-30,Croissant,36.0,3,30,9,2021,39,0,29.0,27.0,32.0,37.0,54.09,54.09,54.5,23.06
2021-10-01,Croissant,33.0,4,1,10,2021,39,0,65.0,56.0,52.0,80.0,54.09,54.09,56.25,20.61
2021-10-01,Danish,23.0,4,1,10,2021,39,0,23.0,24.0,8.0,12.0,30.3,30.3,28.25,8.88
2021-10-02,Croissant,65.0,5,2,10,2021,39,1,81.0,79.0,88.0,101.0,54.09,54.09,48.25,22.23
2021-10-02,Danish,39.0,5,2,10,2021,39,1,40.0,31.0,30.0,18.0,30.3,30.3,28.25,8.88
2021-10-03,Croissant,67.0,6,3,10,2021,39,1,43.0,73.0,37.0,63.0,54.09,54.09,44.25,14.45
2021-10-03,Danish,31.0,6,3,10,2021,39,1,30.0,44.0,17.0,14.0,30.3,30.3,28.0,8.45
2021-10-07,Danish,25.0,3,7,10,2021,40,0,20.0,8.0,27.0,10.0,30.3,30.3,28.25,8.54
2021-10-07,Croissant,44.0,3,7,10,2021,40,0,36.0,29.0,27.0,32.0,54.09,54.09,50.25,18.25
2021-10-08,Danish,27.0,4,8,10,2021,40,0,23.0,23.0,24.0,8.0,30.3,30.3,29.5,7.19
2021-10-08,Croissant,58.0,4,8,10,2021,40,0,33.0,65.0,56.0,52.0,54.09,54.09,52.25,16.52
2021-10-09,Danish,50.0,5,9,10,2021,40,1,39.0,40.0,31.0,30.0,30.3,30.3,30.5,6.19
2021-10-09,Croissant,80.0,5,9,10,2021,40,1,65.0,81.0,79.0,88.0,54.09,54.09,58.5,10.41
2021-10-10,Danish,33.0,6,10,10,2021,40,1,31.0,30.0,44.0,17.0,30.3,30.3,33.25,11.44
2021-10-10,Croissant,64.0,6,10,10,2021,40,1,67.0,43.0,73.0,37.0,54.09,54.09,62.25,15.15
2021-10-14,Danish,20.0,3,14,10,2021,41,0,25.0,20.0,8.0,27.0,30.3,30.3,33.75,11.35
2021-10-14,Croissant,30.0,3,14,10,2021,41,0,44.0,36.0,29.0,27.0,54.09,54.09,61.5,14.91
2021-10-15,Danish,30.0,4,15,10,2021,41,0,27.0,23.0,23.0,24.0,30.3,30.3,32.5,12.82
2021-10-15,Croissant,43.0,4,15,10,2021,41,0,58.0,33.0,65.0,56.0,54.09,54.09,58.0,20.85
2021-10-16,Croissant,70.0,5,16,10,2021,41,1,80.0,65.0,81.0,79.0,54.09,54.09,54.25,22.16
2021-10-16,Danish,38.0,5,16,10,2021,41,1,50.0,39.0,40.0,31.0,30.3,30.3,33.25,12.47
2021-10-17,Croissant,35.0,6,17,10,2021,41,1,64.0,67.0,43.0,73.0,54.09,54.09,51.75,18.55
2021-10-17,Danish,29.0,6,17,10,2021,41,1,33.0,31.0,30.0,44.0,30.3,30.3,30.25,7.59
2021-10-21,Croissant,40.0,3,21,10,2021,42,0,30.0,44.0,36.0,29.0,54.09,54.09,44.5,17.82
2021-10-21,Danish,26.0,3,21,10,2021,42,0,20.0,25.0,20.0,8.0,30.3,30.3,29.25,7.37
2021-10-22,Croissant,44.0,4,22,10,2021,42,0,43.0,58.0,33.0,65.0,54.09,54.09,47.0,15.68
2021-10-22,Danish,19.0,4,22,10,2021,42,0,30.0,27.0,23.0,23.0,30.3,30.3,30.75,5.12
2021-10-23,Croissant,67.0,5,23,10,2021,42,1,70.0,80.0,65.0,81.0,54.09,54.09,47.25,15.61
2021-10-23,Danish,46.0,5,23,10,2021,42,1,38.0,50.0,39.0,40.0,30.3,30.3,28.0,7.87
2021-10-24,Croissant,44.0,6,24,10,2021,42,1,35.0,64.0,67.0,43.0,54.09,54.09,46.5,14.15
2021-10-24,Danish,38.0,6,24,10,2021,42,1,29.0,33.0,31.0,30.0,30.3,30.3,30.0,11.46
2021-10-28,Croissant,35.0,3,28,10,2021,43,0,40.0,30.0,44.0,36.0,54.09,54.09,48.75,12.31
2021-10-28,Danish,16.0,3,28,10,2021,43,0,26.0,20.0,25.0,20.0,30.3,30.3,32.25,12.07
2021-10-29,Croissant,52.0,4,29,10,2021,43,0,44.0,43.0,58.0,33.0,54.09,54.09,47.5,13.67
2021-10-29,Danish,28.0,4,29,10,2021,43,0,19.0,30.0,27.0,23.0,30.3,30.3,29.75,14.57
2021-10-30,Danish,44.0,5,30,10,2021,43,1,46.0,38.0,50.0,39.0,30.3,30.3,32.0,12.96
2021-10-30,Croissant,70.0,5,30,10,2021,43,1,67.0,70.0,80.0,65.0,54.09,54.09,49.5,13.58
2021-10-31,Croissant,33.0,6,31,10,2021,43,1,44.0,35.0,64.0,67.0,54.09,54.09,50.25,14.89
2021-10-31,Danish,24.0,6,31,10,2021,43,1,38.0,29.0,33.0,31.0,30.3,30.3,31.5,12.26
2021-11-04,Croissant,35.0,3,4,11,2021,44,0,35.0,40.0,30.0,44.0,54.09,54.09,47.5,17.25
2021-11-04,Danish,20.0,3,4,11,2021,44,0,16.0,26.0,20.0,25.0,30.3,30.3,28.0,11.78
2021-11-05,Croissant,47.0,4,5,11,2021,44,0,52.0,44.0,43.0,58.0,54.09,54.09,47.5,17.25
2021-11-05,Danish,26.0,4,5,11,2021,44,0,28.0,19.0,30.0,27.0,30.3,30.3,29.0,10.52
2021-11-06,Croissant,63.0,5,6,11,2021,44,1,70.0,67.0,70.0,80.0,54.09,54.09,46.25,17.0
2021-11-06,Danish,49.0,5,6,11,2021,44,1,44.0,46.0,38.0,50.0,30.3,30.3,28.5,10.63
2021-11-07,Croissant,73.0,6,7,11,2021,44,1,33.0,44.0,35.0,64.0,54.09,54.09,44.5,13.8
2021-11-07,Danish,18.0,6,7,11,2021,44,1,24.0,38.0,29.0,33.0,30.3,30.3,29.75,13.07
2021-11-11,Danish,24.0,3,11,11,2021,45,0,20.0,16.0,26.0,20.0,30.3,30.3,28.25,14.24
2021-11-11,Croissant,43.0,3,11,11,2021,45,0,35.0,35.0,40.0,30.0,54.09,54.09,54.5,16.84
2021-11-12,Danish,27.0,4,12,11,2021,45,0,26.0,28.0,19.0,30.0,30.3,30.3,29.25,13.6
2021-11-12,Croissant,39.0,4,12,11,2021,45,0,47.0,52.0,44.0,43.0,54.09,54.09,56.5,13.99
2021-11-13,Croissant,71.0,5,13,11,2021,45,1,63.0,70.0,67.0,70.0,54.09,54.09,54.5,16.2
2021-11-13,Danish,47.0,5,13,11,2021,45,1,49.0,44.0,46.0,38.0,30.3,30.3,29.5,13.53
2021-11-14,Danish,28.0,6,14,11,2021,45,1,18.0,24.0,38.0,29.0,30.3,30.3,29.0,12.57
2021-11-14,Croissant,53.0,6,14,11,2021,45,1,73.0,33.0,44.0,35.0,54.09,54.09,56.5,17.99
2021-11-18,Croissant,40.0,3,18,11,2021,46,0,43.0,35.0,35.0,40.0,54.09,54.09,51.5,14.27
2021-11-18,Danish,15.0,3,18,11,2021,46,0,24.0,20.0,16.0,26.0,30.3,30.3,31.5,10.47
2021-11-19,Danish,27.0,4,19,11,2021,46,0,27.0,26.0,28.0,19.0,30.3,30.3,29.25,13.23
2021-11-19,Croissant,53.0,4,19,11,2021,46,0,39.0,47.0,52.0,44.0,54.09,54.09,50.75,14.93
2021-11-20,Danish,42.0,5,20,11,2021,46,1,47.0,49.0,44.0,46.0,30.3,30.3,29.25,13.23
2021-11-20,Croissant,58.0,5,20,11,2021,46,1,71.0,63.0,70.0,67.0,54.09,54.09,54.25,12.74
2021-11-21,Croissant,39.0,6,21,11,2021,46,1,53.0,73.0,33.0,44.0,54.09,54.09,51.0,7.7
2021-11-21,Danish,21.0,6,21,11,2021,46,1,28.0,18.0,24.0,38.0,30.3,30.3,28.0,11.05
2021-11-25,Croissant,0.0,3,25,11,2021,47,0,40.0,43.0,35.0,35.0,54.09,54.09,47.5,9.47
2021-11-25,Danish,0.0,3,25,11,2021,47,0,15.0,24.0,20.0,16.0,30.3,30.3,26.25,11.59
2021-11-26,Croissant,53.0,4,26,11,2021,47,0,53.0,39.0,47.0,52.0,54.09,54.09,37.5,26.26
2021-11-26,Danish,27.0,4,26,11,2021,47,0,27.0,27.0,26.0,28.0,30.3,30.3,22.5,17.41
2021-11-27,Croissant,60.0,5,27,11,2021,47,1,58.0,71.0,63.0,70.0,54.09,54.09,32.33,29.57
2021-11-27,Danish,40.0,5,27,11,2021,47,1,42.0,47.0,49.0,44.0,30.3,30.3,21.0,21.0
2021-11-28,Croissant,21.0,6,28,11,2021,47,1,39.0,53.0,73.0,33.0,54.09,54.09,33.0,30.45
2021-11-28,Danish,8.0,6,28,11,2021,47,1,21.0,28.0,18.0,24.0,30.3,30.3,20.33,20.01
2021-12-02,Croissant,33.0,3,2,12,2021,48,0,0.0,40.0,43.0,35.0,54.09,54.09,27.0,30.45
2021-12-02,Danish,11.0,3,2,12,2021,48,0,0.0,15.0,24.0,20.0,30.3,30.3,16.0,21.17
2021-12-03,Croissant,34.0,4,3,12,2021,48,0,53.0,53.0,39.0,47.0,54.09,54.09,38.0,19.97
2021-12-03,Danish,7.0,4,3,12,2021,48,0,27.0,27.0,27.0,26.0,30.3,30.3,19.67,17.67
2021-12-04,Danish,34.0,5,4,12,2021,48,1,40.0,42.0,47.0,49.0,30.3,30.3,16.5,15.76
2021-12-04,Croissant,50.0,5,4,12,2021,48,1,60.0,58.0,71.0,63.0,54.09,54.09,37.0,16.43
2021-12-05,Croissant,29.0,6,5,12,2021,48,1,21.0,39.0,53.0,73.0,54.09,54.09,34.5,11.9
2021-12-05,Danish,14.0,6,5,12,2021,48,1,8.0,21.0,28.0,18.0,30.3,30.3,15.0,12.78
2021-12-09,Danish,14.0,3,9,12,2021,49,0,11.0,0.0,15.0,24.0,30.3,30.3,16.5,12.01
2021-12-09,Croissant,22.0,3,9,12,2021,49,0,33.0,0.0,40.0,43.0,54.09,54.09,36.5,9.26
2021-12-10,Danish,24.0,4,10,12,2021,49,0,7.0,27.0,27.0,27.0,30.3,30.3,17.25,11.64
2021-12-10,Croissant,49.0,4,10,12,2021,49,0,34.0,53.0,53.0,39.0,54.09,54.09,33.75,11.9
2021-12-11,Danish,36.0,5,11,12,2021,49,1,34.0,40.0,42.0,47.0,30.3,30.3,21.5,9.57
2021-12-11,Croissant,57.0,5,11,12,2021,49,1,50.0,60.0,58.0,71.0,54.09,54.09,37.5,14.15
2021-12-12,Danish,7.0,6,12,12,2021,49,1,14.0,8.0,21.0,28.0,30.3,30.3,22.0,10.46
2021-12-12,Croissant,39.0,6,12,12,2021,49,1,29.0,21.0,39.0,53.0,54.09,54.09,39.25,16.46
2021-12-16,Danish,13.0,3,16,12,2021,50,0,14.0,11.0,0.0,15.0,30.3,30.3,20.25,12.61
2021-12-16,Croissant,21.0,3,16,12,2021,50,0,22.0,33.0,0.0,40.0,54.09,54.09,41.75,15.09
2021-12-17,Croissant,43.0,4,17,12,2021,50,0,49.0,34.0,53.0,53.0,54.09,54.09,41.5,15.52
2021-12-17,Danish,4.0,4,17,12,2021,50,0,24.0,7.0,27.0,27.0,30.3,30.3,20.0,12.78
2021-12-18,Croissant,75.0,5,18,12,2021,50,1,57.0,50.0,60.0,58.0,54.09,54.09,40.0,14.83
2021-12-18,Danish,29.0,5,18,12,2021,50,1,36.0,34.0,40.0,42.0,30.3,30.3,15.0,14.49
2021-12-19,Danish,15.0,6,19,12,2021,50,1,7.0,14.0,8.0,21.0,30.3,30.3,13.25,11.15
2021-12-19,Croissant,22.0,6,19,12,2021,50,1,39.0,29.0,21.0,39.0,54.09,54.09,44.5,22.47
2021-12-23,Croissant,60.0,3,23,12,2021,51,0,21.0,22.0,33.0,0.0,54.09,54.09,40.25,25.29
2021-12-23,Danish,28.0,3,23,12,2021,51,0,13.0,14.0,11.0,0.0,30.3,30.3,15.25,10.34
2021-12-24,Croissant,121.0,4,24,12,2021,51,0,43.0,49.0,34.0,50.0,54.09,54.09,50.0,22.79
2021-12-24,Danish,41.0,4,24,12,2021,51,0,4.0,24.0,7.0,19.0,30.3,30.3,19.0,11.86
2021-12-25,Danish,0.0,5,25,12,2021,51,1,29.0,36.0,34.0,40.0,30.3,30.3,28.25,10.63
2021-12-25,Croissant,0.0,5,25,12,2021,51,1,75.0,57.0,50.0,60.0,54.09,54.09,69.5,40.94
2021-12-26,Croissant,22.0,6,26,12,2021,51,1,22.0,39.0,29.0,21.0,54.09,54.09,50.75,52.99
2021-12-26,Danish,15.0,6,26,12,2021,51,1,15.0,7.0,14.0,8.0,30.3,30.3,21.0,17.57
2021-12-30,Croissant,50.0,3,30,12,2021,52,0,60.0,21.0,22.0,33.0,54.09,54.09,60.33,60.5
2021-12-30,Danish,18.0,3,30,12,2021,52,0,28.0,13.0,14.0,11.0,30.3,30.3,23.0,20.95
2021-12-31,Croissant,101.0,4,31,12,2021,52,0,121.0,43.0,49.0,34.0,54.09,54.09,57.0,60.8
2021-12-31,Danish,30.0,4,31,12,2021,52,0,41.0,4.0,24.0,7.0,30.3,30.3,19.67,20.55
2022-01-01,Danish,0.0,5,1,1,2022,52,1,0.0,29.0,36.0,34.0,30.3,30.3,16.0,15.1
2022-01-01,Croissant,0.0,5,1,1,2022,52,1,0.0,75.0,57.0,50.0,54.09,54.09,50.33,50.5
2022-01-02,Danish,9.0,6,2,1,2022,52,1,15.0,15.0,7.0,14.0,30.3,30.3,16.0,15.1
2022-01-02,Croissant,27.0,6,2,1,2022,52,1,22.0,22.0,39.0,29.0,54.09,54.09,50.33,50.5
2022-01-06,Danish,9.0,3,6,1,2022,1,0,18.0,28.0,13.0,14.0,30.3,30.3,14.25,12.82
2022-01-06,Croissant,21.0,3,6,1,2022,1,0,50.0,60.0,21.0,22.0,54.09,54.09,44.5,42.85
2022-01-07,Croissant,52.0,4,7,1,2022,1,0,101.0,121.0,43.0,49.0,54.09,54.09,37.25,44.05
2022-01-07,Danish,22.0,4,7,1,2022,1,0,30.0,41.0,4.0,24.0,30.3,30.3,12.0,12.73
2022-01-08,Danish,34.0,5,8,1,2022,1,1,0.0,0.0,29.0,36.0,30.3,30.3,10.0,9.06
2022-01-08,Croissant,55.0,5,8,1,2022,1,1,0.0,0.0,75.0,57.0,54.09,54.09,25.0,21.4
2022-01-09,Danish,5.0,6,9,1,2022,1,1,9.0,15.0,15.0,7.0,30.3,30.3,18.5,12.01
2022-01-09,Croissant,12.0,6,9,1,2022,1,1,27.0,22.0,22.0,39.0,54.09,54.09,38.75,17.25
2022-01-13,Danish,22.0,3,13,1,2022,2,0,9.0,18.0,28.0,13.0,30.3,30.3,17.5,13.18
2022-01-13,Croissant,34.0,3,13,1,2022,2,0,21.0,50.0,60.0,21.0,54.09,54.09,35.0,21.71
2022-01-14,Danish,33.0,4,14,1,2022,2,0,22.0,30.0,41.0,4.0,30.3,30.3,20.75,11.93
2022-01-14,Croissant,73.0,4,14,1,2022,2,0,52.0,101.0,121.0,43.0,54.09,54.09,38.25,19.81
2022-01-15,Danish,34.0,5,15,1,2022,2,1,34.0,0.0,0.0,29.0,30.3,30.3,23.5,13.48
2022-01-15,Croissant,60.0,5,15,1,2022,2,1,55.0,0.0,0.0,75.0,54.09,54.09,43.5,26.36
2022-01-16,Croissant,36.0,6,16,1,2022,2,1,12.0,27.0,22.0,22.0,54.09,54.09,44.75,27.2
2022-01-16,Danish,29.0,6,16,1,2022,2,1,5.0,9.0,15.0,15.0,30.3,30.3,23.5,13.48
2022-01-20,Croissant,42.0,3,20,1,2022,3,0,34.0,21.0,50.0,60.0,54.09,54.09,50.75,18.96
2022-01-20,Danish,20.0,3,20,1,2022,3,0,22.0,9.0,18.0,28.0,30.3,30.3,29.5,5.45
2022-01-21,Croissant,44.0,4,21,1,2022,3,0,73.0,52.0,101.0,121.0,54.09,54.09,52.75,16.92
2022-01-21,Danish,17.0,4,21,1,2022,3,0,33.0,22.0,30.0,41.0,30.3,30.3,29.0,6.38
2022-01-22,Croissant,43.0,5,22,1,2022,3,1,60.0,55.0,0.0,0.0,54.09,54.09,45.5,10.25
2022-01-22,Danish,16.0,5,22,1,2022,3,1,34.0,34.0,0.0,0.0,30.3,30.3,25.0,7.87
2022-01-23,Danish,16.0,6,23,1,2022,3,1,29.0,5.0,9.0,20.5,30.3,30.3,20.5,5.92
2022-01-23,Croissant,35.0,6,23,1,2022,3,1,36.0,12.0,27.0,41.25,54.09,54.09,41.25,3.59
2022-01-27,Danish,6.0,3,27,1,2022,4,0,20.0,22.0,9.0,18.0,30.3,30.3,17.25,1.89
2022-01-27,Croissant,34.0,3,27,1,2022,4,0,42.0,34.0,21.0,50.0,54.09,54.09,41.0,4.08
2022-01-28,Danish,22.0,4,28,1,2022,4,0,17.0,33.0,22.0,30.0,30.3,30.3,13.75,5.19
2022-01-28,Croissant,55.0,4,28,1,2022,4,0,44.0,73.0,52.0,101.0,54.09,54.09,39.0,5.23
2022-01-29,Danish,24.0,5,29,1,2022,4,1,16.0,34.0,34.0,0.0,30.3,30.3,15.0,6.63
2022-01-29,Croissant,60.0,5,29,1,2022,4,1,43.0,60.0,55.0,0.0,54.09,54.09,41.75,9.71
2022-01-30,Croissant,54.0,6,30,1,2022,4,1,35.0,36.0,12.0,27.0,54.09,54.09,46.0,13.44
2022-01-30,Danish,20.0,6,30,1,2022,4,1,16.0,29.0,5.0,9.0,30.3,30.3,17.0,8.08
2022-02-03,Croissant,22.0,3,3,2,2022,5,0,34.0,42.0,34.0,21.0,54.09,54.09,50.75,11.47
2022-02-03,Danish,21.0,3,3,2,2022,5,0,6.0,20.0,22.0,9.0,30.3,30.3,18.0,8.16
2022-02-04,Danish,7.0,4,4,2,2022,5,0,22.0,17.0,33.0,22.0,30.3,30.3,21.75,1.71
2022-02-04,Croissant,9.0,4,4,2,2022,5,0,55.0,44.0,73.0,52.0,54.09,54.09,47.75,17.37
2022-02-05,Croissant,48.0,5,5,2,2022,5,1,60.0,43.0,60.0,55.0,54.09,54.09,36.25,24.66
2022-02-05,Danish,33.0,5,5,2,2022,5,1,24.0,16.0,34.0,34.0,30.3,30.3,18.0,7.53
2022-02-06,Croissant,51.0,6,6,2,2022,5,1,54.0,35.0,36.0,12.0,54.09,54.09,33.25,21.31
2022-02-06,Danish,24.0,6,6,2,2022,5,1,20.0,16.0,29.0,5.0,30.3,30.3,20.25,10.63
2022-02-10,Croissant,27.0,3,10,2,2022,6,0,22.0,34.0,42.0,34.0,54.09,54.09,32.5,20.37
2022-02-10,Danish,14.0,3,10,2,2022,6,0,21.0,6.0,20.0,22.0,30.3,30.3,21.25,10.78
2022-02-11,Croissant,52.0,4,11,2,2022,6,0,9.0,55.0,44.0,73.0,54.09,54.09,33.75,19.65
2022-02-11,Danish,25.0,4,11,2,2022,6,0,7.0,22.0,17.0,33.0,30.3,30.3,19.5,11.39
2022-02-12,Croissant,66.0,5,12,2,2022,6,1,48.0,60.0,43.0,60.0,54.09,54.09,44.5,11.79
2022-02-12,Danish,33.0,5,12,2,2022,6,1,33.0,24.0,16.0,34.0,30.3,30.3,24.0,7.79
2022-02-13,Danish,17.0,6,13,2,2022,6,1,24.0,20.0,16.0,29.0,30.3,30.3,24.0,7.79
2022-02-13,Croissant,43.0,6,13,2,2022,6,1,51.0,54.0,35.0,36.0,54.09,54.09,49.0,16.19
2022-02-17,Croissant,41.0,3,17,2,2022,7,0,27.0,22.0,34.0,42.0,54.09,54.09,47.0,16.35
2022-02-17,Danish,18.0,3,17,2,2022,7,0,14.0,21.0,6.0,20.0,30.3,30.3,22.25,8.54
2022-02-18,Croissant,26.0,4,18,2,2022,7,0,52.0,9.0,55.0,44.0,54.09,54.09,50.5,11.39
2022-02-18,Danish,7.0,4,18,2,2022,7,0,25.0,7.0,22.0,17.0,30.3,30.3,23.25,7.41
2022-02-19,Croissant,74.0,5,19,2,2022,7,1,66.0,48.0,60.0,43.0,54.09,54.09,44.0,16.51
2022-02-19,Danish,34.0,5,19,2,2022,7,1,33.0,33.0,24.0,16.0,30.3,30.3,18.75,10.72
2022-02-20,Croissant,46.0,6,20,2,2022,7,1,43.0,51.0,54.0,35.0,54.09,54.09,46.0,20.15
2022-02-20,Danish,24.0,6,20,2,2022,7,1,17.0,24.0,20.0,16.0,30.3,30.3,19.0,11.17
2022-02-24,Croissant,40.0,3,24,2,2022,8,0,41.0,27.0,22.0,34.0,54.09,54.09,46.75,20.06
2022-02-24,Danish,26.0,3,24,2,2022,8,0,18.0,14.0,21.0,6.0,30.3,30.3,20.75,11.3
2022-02-25,Danish,15.0,4,25,2,2022,8,0,7.0,25.0,7.0,22.0,30.3,30.3,22.75,11.35
2022-02-25,Croissant,35.0,4,25,2,2022,8,0,26.0,52.0,9.0,55.0,54.09,54.09,46.5,20.16
2022-02-26,Danish,46.0,5,26,2,2022,8,1,34.0,33.0,33.0,24.0,30.3,30.3,24.75,7.8
2022-02-26,Croissant,89.0,5,26,2,2022,8,1,74.0,66.0,48.0,60.0,54.09,54.09,48.75,17.42
2022-02-27,Danish,25.0,6,27,2,2022,8,1,24.0,17.0,24.0,20.0,30.3,30.3,27.75,13.07
2022-02-27,Croissant,56.0,6,27,2,2022,8,1,46.0,43.0,51.0,54.0,54.09,54.09,52.5,24.75
2022-03-03,Danish,20.0,3,3,3,2022,9,0,26.0,18.0,14.0,21.0,30.3,30.3,28.0,12.99
2022-03-03,Croissant,40.0,3,3,3,2022,9,0,40.0,41.0,27.0,22.0,54.09,54.09,55.0,24.37
2022-03-04,Croissant,52.0,4,4,3,2022,9,0,35.0,26.0,52.0,9.0,54.09,54.09,55.0,24.37
2022-03-04,Danish,27.0,4,4,3,2022,9,0,15.0,7.0,25.0,7.0,30.3,30.3,26.5,13.63
2022-03-05,Danish,35.0,5,5,3,2022,9,1,46.0,34.0,33.0,33.0,30.3,30.3,29.5,11.39
2022-03-05,Croissant,54.0,5,5,3,2022,9,1,89.0,74.0,66.0,48.0,54.09,54.09,59.25,20.97
2022-03-06,Croissant,52.0,6,6,3,2022,9,1,56.0,46.0,43.0,51.0,54.09,54.09,50.5,7.19
2022-03-06,Danish,21.0,6,6,3,2022,9,1,25.0,24.0,17.0,24.0,30.3,30.3,26.75,6.24
2022-03-10,Danish,13.0,3,10,3,2022,10,0,20.0,26.0,18.0,14.0,30.3,30.3,25.75,6.9
2022-03-10,Croissant,35.0,3,10,3,2022,10,0,40.0,40.0,41.0,27.0,54.09,54.09,49.5,6.4
2022-03-11,Danish,26.0,4,11,3,2022,10,0,27.0,15.0,7.0,25.0,30.3,30.3,24.0,9.31
2022-03-11,Croissant,47.0,4,11,3,2022,10,0,52.0,35.0,26.0,52.0,54.09,54.09,48.25,8.88
2022-03-12,Danish,14.0,5,12,3,2022,10,1,35.0,46.0,34.0,33.0,30.3,30.3,23.75,9.22
2022-03-12,Croissant,40.0,5,12,3,2022,10,1,54.0,89.0,74.0,66.0,54.09,54.09,47.0,8.52
2022-03-13,Croissant,32.0,6,13,3,2022,10,1,52.0,56.0,46.0,43.0,54.09,54.09,43.5,7.51
2022-03-13,Danish,15.0,6,13,3,2022,10,1,21.0,25.0,24.0,17.0,30.3,30.3,18.5,6.14
2022-03-17,Danish,13.0,3,17,3,2022,11,0,13.0,20.0,26.0,18.0,30.3,30.3,17.0,6.06
2022-03-17,Croissant,31.0,3,17,3,2022,11,0,35.0,40.0,40.0,41.0,54.09,54.09,38.5,6.56
2022-03-18,Croissant,66.0,4,18,3,2022,11,0,47.0,52.0,35.0,26.0,54.09,54.09,37.5,7.51
2022-03-18,Danish,24.0,4,18,3,2022,11,0,26.0,27.0,15.0,7.0,30.3,30.3,17.0,6.06
2022-03-19,Danish,23.0,5,19,3,2022,11,1,14.0,35.0,46.0,34.0,30.3,30.3,16.5,5.07
2022-03-19,Croissant,48.0,5,19,3,2022,11,1,40.0,54.0,89.0,74.0,54.09,54.09,42.25,16.34
2022-03-20,Croissant,36.0,6,20,3,2022,11,1,32.0,52.0,56.0,46.0,54.09,54.09,44.25,16.46
2022-03-20,Danish,22.0,6,20,3,2022,11,1,15.0,21.0,25.0,24.0,30.3,30.3,18.75,5.56
2022-03-24,Croissant,21.0,3,24,3,2022,12,0,31.0,35.0,40.0,40.0,54.09,54.09,45.25,15.56
2022-03-24,Danish,21.0,3,24,3,2022,12,0,13.0,13.0,20.0,26.0,30.3,30.3,20.5,5.07
2022-03-25,Croissant,50.0,4,25,3,2022,12,0,66.0,47.0,52.0,35.0,54.09,54.09,42.75,19.03
2022-03-25,Danish,24.0,4,25,3,2022,12,0,24.0,26.0,27.0,15.0,30.3,30.3,22.5,1.29
2022-03-26,Croissant,64.0,5,26,3,2022,12,1,48.0,40.0,54.0,89.0,54.09,54.09,38.75,13.35
2022-03-26,Danish,31.0,5,26,3,2022,12,1,23.0,14.0,35.0,46.0,30.3,30.3,22.5,1.29
2022-03-27,Danish,27.0,6,27,3,2022,12,1,22.0,15.0,21.0,25.0,30.3,30.3,24.5,4.51
2022-03-27,Croissant,41.0,6,27,3,2022,12,1,36.0,32.0,52.0,56.0,54.09,54.09,42.75,18.46
2022-03-31,Danish,12.0,3,31,3,2022,13,0,21.0,13.0,13.0,20.0,30.3,30.3,25.75,4.27
2022-03-31,Croissant,21.0,3,31,3,2022,13,0,21.0,31.0,35.0,40.0,54.09,54.09,44.0,18.02
2022-04-01,Danish,9.0,4,1,4,2022,13,0,24.0,24.0,26.0,27.0,30.3,30.3,23.5,8.19
2022-04-01,Croissant,30.0,4,1,4,2022,13,0,50.0,66.0,47.0,52.0,54.09,54.09,44.0,18.02
2022-04-02,Danish,28.0,5,2,4,2022,13,1,31.0,23.0,14.0,35.0,30.3,30.3,19.75,10.87
2022-04-02,Croissant,63.0,5,2,4,2022,13,1,64.0,48.0,40.0,54.0,54.09,54.09,39.0,18.57
2022-04-03,Danish,11.0,6,3,4,2022,13,1,27.0,22.0,15.0,21.0,30.3,30.3,19.0,9.9
2022-04-03,Croissant,36.0,6,3,4,2022,13,1,41.0,36.0,32.0,52.0,54.09,54.09,38.75,18.12
2022-04-07,Danish,10.0,3,7,4,2022,14,0,12.0,21.0,13.0,13.0,30.3,30.3,15.0,8.76
2022-04-07,Croissant,34.0,3,7,4,2022,14,0,21.0,21.0,31.0,35.0,54.09,54.09,37.5,18.08
2022-04-08,Danish,26.0,4,8,4,2022,14,0,9.0,24.0,24.0,26.0,30.3,30.3,14.5,9.04
2022-04-08,Croissant,58.0,4,8,4,2022,14,0,30.0,50.0,66.0,47.0,54.09,54.09,40.75,15.04
2022-04-09,Danish,41.0,5,9,4,2022,14,1,28.0,31.0,23.0,14.0,30.3,30.3,18.75,9.57
2022-04-09,Croissant,68.0,5,9,4,2022,14,1,63.0,64.0,48.0,40.0,54.09,54.09,47.75,14.89
2022-04-10,Danish,25.0,6,10,4,2022,14,1,11.0,27.0,22.0,15.0,30.3,30.3,22.0,14.63
2022-04-10,Croissant,44.0,6,10,4,2022,14,1,36.0,41.0,36.0,32.0,54.09,54.09,49.0,16.69
2022-04-14,Danish,10.0,3,14,4,2022,15,0,10.0,12.0,21.0,13.0,30.3,30.3,25.5,12.66
2022-04-14,Croissant,34.0,3,14,4,2022,15,0,34.0,21.0,21.0,31.0,54.09,54.09,51.0,15.01
2022-04-15,Danish,29.0,4,15,4,2022,15,0,26.0,9.0,24.0,24.0,30.3,30.3,30.67,8.96
2022-04-15,Croissant,41.0,4,15,4,2022,15,0,58.0,30.0,50.0,66.0,54.09,54.09,56.67,12.06
2022-04-16,Croissant,64.0,5,16,4,2022,15,1,68.0,63.0,64.0,48.0,54.09,54.09,51.0,14.8
2022-04-16,Danish,33.0,5,16,4,2022,15,1,41.0,28.0,31.0,23.0,30.3,30.3,31.67,8.33
2022-04-17,Croissant,44.0,6,17,4,2022,15,1,44.0,36.0,41.0,36.0,54.09,54.09,49.67,12.5
2022-04-17,Danish,25.0,6,17,4,2022,15,1,25.0,11.0,27.0,22.0,30.3,30.3,29.0,4.0
2022-04-21,Croissant,51.0,3,21,4,2022,16,0,34.0,34.0,21.0,21.0,54.09,54.09,52.5,16.26
2022-04-21,Danish,23.0,3,21,4,2022,16,0,10.0,10.0,12.0,21.0,30.3,30.3,31.0,2.83
2022-04-22,Danish,27.0,4,22,4,2022,16,0,29.0,26.0,9.0,24.0,30.3,30.3,28.33,5.03
2022-04-22,Croissant,50.0,4,22,4,2022,16,0,41.0,58.0,30.0,50.0,54.09,54.09,52.0,11.53
2022-04-23,Croissant,59.0,5,23,4,2022,16,1,64.0,68.0,63.0,64.0,54.09,54.09,55.0,7.81
2022-04-23,Danish,38.0,5,23,4,2022,16,1,33.0,41.0,28.0,31.0,30.3,30.3,27.67,5.03
2022-04-24,Danish,19.0,6,24,4,2022,16,1,25.0,25.0,11.0,27.0,30.3,30.3,29.33,7.77
2022-04-24,Croissant,59.0,6,24,4,2022,16,1,44.0,44.0,36.0,41.0,54.09,54.09,53.33,4.93
2022-04-28,Danish,23.0,3,28,4,2022,17,0,23.0,10.0,10.0,12.0,30.3,30.3,26.75,8.18
2022-04-28,Croissant,40.0,3,28,4,2022,17,0,51.0,34.0,34.0,21.0,54.09,54.09,54.75,4.92
2022-04-29,Croissant,60.0,4,29,4,2022,17,0,50.0,41.0,58.0,30.0,54.09,54.09,52.0,9.06
2022-04-29,Danish,28.0,4,29,4,2022,17,0,27.0,29.0,26.0,9.0,30.3,30.3,26.75,8.18
2022-04-30,Croissant,80.0,5,30,4,2022,17,1,59.0,64.0,68.0,63.0,54.09,54.09,54.5,9.68
2022-04-30,Danish,31.0,5,30,4,2022,17,1,38.0,33.0,41.0,28.0,30.3,30.3,27.0,8.21
2022-05-01,Danish,16.0,6,1,5,2022,17,1,19.0,25.0,25.0,11.0,30.3,30.3,25.25,5.32
2022-05-01,Croissant,48.0,6,1,5,2022,17,1,59.0,44.0,44.0,36.0,54.09,54.09,59.75,16.34
2022-05-05,Croissant,34.0,3,5,5,2022,18,0,40.0,51.0,34.0,34.0,54.09,54.09,57.0,17.4
2022-05-05,Danish,20.0,3,5,5,2022,18,0,23.0,23.0,10.0,10.0,30.3,30.3,24.5,6.56
2022-05-06,Danish,25.0,4,6,5,2022,18,0,28.0,27.0,29.0,26.0,30.3,30.3,23.75,6.95
2022-05-06,Croissant,61.0,4,6,5,2022,18,0,60.0,50.0,41.0,58.0,54.09,54.09,55.5,19.49
2022-05-07,Danish,30.0,5,7,5,2022,18,1,31.0,38.0,33.0,41.0,30.3,30.3,23.0,6.48
2022-05-07,Croissant,65.0,5,7,5,2022,18,1,80.0,59.0,64.0,68.0,54.09,54.09,55.75,19.57
2022-05-08,Croissant,56.0,6,8,5,2022,18,1,48.0,59.0,44.0,44.0,54.09,54.09,52.0,14.02
2022-05-08,Danish,35.0,6,8,5,2022,18,1,16.0,19.0,25.0,25.0,30.3,30.3,22.75,6.08
2022-05-12,Croissant,42.0,3,12,5,2022,19,0,34.0,40.0,51.0,54.0,42.0,54.09,54.0,13.83
2022-05-12,Danish,39.0,3,12,5,2022,19,0,20.0,23.0,23.0,27.5,27.0,30.3,27.5,6.45
2022-05-13,Danish,35.0,4,13,5,2022,19,0,25.0,28.0,27.0,29.0,27.0,30.3,32.25,6.08
2022-05-13,Croissant,56.0,4,13,5,2022,19,0,61.0,60.0,50.0,41.0,61.0,54.09,56.0,10.03
2022-05-14,Danish,44.0,5,14,5,2022,19,1,30.0,31.0,38.0,33.0,59.0,30.3,34.75,3.69
2022-05-14,Croissant,74.0,5,14,5,2022,19,1,65.0,80.0,59.0,64.0,100.0,54.09,54.75,9.5
2022-05-15,Danish,32.0,6,15,5,2022,19,1,35.0,16.0,19.0,38.25,28.0,30.3,38.25,4.27
2022-05-15,Croissant,53.0,6,15,5,2022,19,1,56.0,48.0,59.0,57.0,53.0,54.09,57.0,13.11
2022-05-19,Croissant,46.0,3,19,5,2022,20,0,42.0,34.0,40.0,51.0,19.0,54.09,56.25,13.28
2022-05-19,Danish,19.0,3,19,5,2022,20,0,39.0,20.0,23.0,23.0,11.0,30.3,37.5,5.2
2022-05-20,Danish,23.0,4,20,5,2022,20,0,35.0,25.0,28.0,27.0,32.0,30.3,32.5,10.34
2022-05-20,Croissant,53.0,4,20,5,2022,20,0,56.0,61.0,60.0,50.0,52.0,54.09,57.25,11.93
2022-05-21,Danish,32.0,5,21,5,2022,20,1,44.0,30.0,31.0,38.0,37.0,30.3,29.5,11.09
2022-05-21,Croissant,124.0,5,21,5,2022,20,1,74.0,65.0,80.0,59.0,94.0,54.09,56.5,12.12
2022-05-22,Croissant,63.0,6,22,5,2022,20,1,53.0,56.0,48.0,59.0,47.0,54.09,69.0,36.81
2022-05-22,Danish,37.0,6,22,5,2022,20,1,32.0,35.0,16.0,19.0,10.0,30.3,26.5,6.56
2022-05-26,Croissant,46.0,3,26,5,2022,21,0,46.0,42.0,34.0,40.0,40.0,54.09,71.5,35.69
2022-05-26,Danish,26.0,3,26,5,2022,21,0,19.0,39.0,20.0,23.0,17.0,30.3,27.75,8.22
2022-05-27,Croissant,81.0,4,27,5,2022,21,0,53.0,56.0,61.0,60.0,80.0,54.09,71.5,35.69
2022-05-27,Danish,44.0,4,27,5,2022,21,0,23.0,35.0,25.0,28.0,36.0,30.3,29.5,6.24
2022-05-28,Croissant,110.0,5,28,5,2022,21,1,124.0,74.0,65.0,80.0,95.0,54.09,78.5,33.53
2022-05-28,Danish,59.0,5,28,5,2022,21,1,32.0,44.0,30.0,31.0,60.0,30.3,34.75,7.63
2022-05-29,Danish,55.0,6,29,5,2022,21,1,37.0,32.0,35.0,16.0,24.0,30.3,41.5,13.82
2022-05-29,Croissant,91.0,6,29,5,2022,21,1,63.0,53.0,56.0,48.0,66.0,54.09,75.0,27.36
2022-06-02,Croissant,38.0,3,2,6,2022,22,0,46.0,46.0,42.0,34.0,53.0,54.09,82.0,26.85
2022-06-02,Danish,19.0,3,2,6,2022,22,0,26.0,19.0,39.0,20.0,28.0,30.3,46.0,14.76
2022-06-03,Croissant,50.0,4,3,6,2022,22,0,81.0,53.0,56.0,61.0,47.0,54.09,80.0,30.47
2022-06-03,Danish,36.0,4,3,6,2022,22,0,44.0,23.0,35.0,25.0,22.0,30.3,44.25,17.99
2022-06-04,Danish,45.0,5,4,6,2022,22,1,59.0,32.0,44.0,30.0,38.0,30.3,42.25,18.46
2022-06-04,Croissant,70.0,5,4,6,2022,22,1,110.0,124.0,74.0,65.0,85.0,54.09,72.25,33.89
2022-06-05,Croissant,55.0,6,5,6,2022,22,1,91.0,63.0,53.0,56.0,33.0,54.09,62.25,23.27
2022-06-05,Danish,42.0,6,5,6,2022,22,1,55.0,37.0,32.0,35.0,8.0,30.3,38.75,15.28
2022-06-09,Croissant,39.0,3,9,6,2022,23,0,38.0,46.0,46.0,42.0,35.0,54.09,53.25,13.25
2022-06-09,Danish,36.0,3,9,6,2022,23,0,19.0,26.0,19.0,39.0,18.0,30.3,35.5,11.62
2022-06-10,Croissant,54.0,4,10,6,2022,23,0,50.0,81.0,53.0,56.0,49.0,54.09,53.5,12.87
2022-06-10,Danish,41.0,4,10,6,2022,23,0,36.0,44.0,23.0,35.0,27.0,30.3,39.75,4.5
2022-06-11,Danish,71.0,5,11,6,2022,23,1,45.0,59.0,32.0,44.0,24.0,30.3,41.0,3.74
2022-06-11,Croissant,145.0,5,11,6,2022,23,1,70.0,110.0,124.0,74.0,93.0,54.09,54.5,12.66
2022-06-12,Danish,47.0,6,12,6,2022,23,1,42.0,55.0,37.0,32.0,23.0,30.3,47.5,15.89
2022-06-12,Croissant,72.0,6,12,6,2022,23,1,55.0,91.0,63.0,53.0,42.0,54.09,73.25,48.39
2022-06-16,Danish,15.0,3,16,6,2022,24,0,36.0,19.0,26.0,19.0,15.0,30.3,48.75,15.5
2022-06-16,Croissant,42.0,3,16,6,2022,24,0,39.0,38.0,46.0,46.0,34.0,54.09,77.5,46.98
2022-06-17,Danish,37.0,4,17,6,2022,24,0,41.0,36.0,44.0,23.0,25.0,30.3,43.5,23.0
2022-06-17,Croissant,68.0,4,17,6,2022,24,0,54.0,50.0,81.0,53.0,51.0,54.09,78.25,46.18
2022-06-18,Danish,50.0,5,18,6,2022,24,1,71.0,45.0,59.0,32.0,50.0,30.3,42.5,23.23
2022-06-18,Croissant,122.0,5,18,6,2022,24,1,145.0,70.0,110.0,124.0,110.0,54.09,81.75,44.21
2022-06-19,Danish,26.0,6,19,6,2022,24,1,47.0,42.0,55.0,37.0,28.0,30.3,37.25,15.84
2022-06-19,Croissant,76.0,6,19,6,2022,24,1,72.0,55.0,91.0,63.0,67.0,54.09,76.0,33.43
2022-06-23,Danish,36.0,3,23,6,2022,25,0,15.0,36.0,19.0,26.0,11.0,30.3,32.0,14.99
2022-06-23,Croissant,86.0,3,23,6,2022,25,0,42.0,39.0,38.0,46.0,50.0,54.09,77.0,33.33
2022-06-24,Danish,28.0,4,24,6,2022,25,0,37.0,41.0,36.0,44.0,11.0,30.3,37.25,9.84
2022-06-24,Croissant,64.0,4,24,6,2022,25,0,68.0,54.0,50.0,81.0,65.0,54.09,88.0,23.83
2022-06-25,Croissant,93.0,5,25,6,2022,25,1,122.0,145.0,70.0,110.0,84.0,54.09,87.0,25.01
2022-06-25,Danish,52.0,5,25,6,2022,25,1,50.0,71.0,45.0,59.0,24.0,30.3,35.0,10.89
2022-06-26,Danish,27.0,6,26,6,2022,25,1,26.0,47.0,42.0,55.0,10.0,30.3,35.5,11.82
2022-06-26,Croissant,44.0,6,26,6,2022,25,1,76.0,72.0,55.0,91.0,28.0,54.09,79.75,12.61
2022-06-30,Danish,36.0,3,30,6,2022,26,0,36.0,15.0,36.0,19.0,6.0,30.3,35.75,11.56
2022-06-30,Croissant,70.0,3,30,6,2022,26,0,86.0,42.0,39.0,38.0,53.0,54.09,71.75,22.25
2022-07-01,Croissant,80.0,4,1,7,2022,26,0,64.0,68.0,54.0,50.0,73.0,54.09,67.75,20.17
2022-07-01,Danish,42.0,4,1,7,2022,26,0,28.0,37.0,41.0,36.0,12.0,30.3,35.67,14.15
2022-07-02,Croissant,125.0,5,2,7,2022,26,1,93.0,122.0,145.0,70.0,111.0,54.09,71.75,20.76
2022-07-02,Danish,57.0,5,2,7,2022,26,1,52.0,50.0,71.0,45.0,12.0,30.3,40.33,12.58
2022-07-03,Croissant,51.0,6,3,7,2022,26,1,44.0,76.0,72.0,55.0,0.0,54.09,79.75,33.77
2022-07-03,Danish,63.0,6,3,7,2022,26,1,27.0,26.0,47.0,42.0,0.0,30.3,42.0,15.0
2022-07-07,Croissant,69.0,3,7,7,2022,27,0,70.0,86.0,42.0,39.0,42.0,54.09,81.5,31.4
2022-07-07,Danish,46.0,3,7,7,2022,27,0,36.0,36.0,15.0,36.0,10.0,30.3,54.0,10.82
2022-07-08,Danish,53.0,4,8,7,2022,27,0,42.0,28.0,37.0,41.0,30.0,30.3,52.0,9.7
2022-07-08,Croissant,90.0,4,8,7,2022,27,0,80.0,64.0,68.0,54.0,71.0,54.09,81.25,31.52
2022-07-09,Danish,53.0,5,9,7,2022,27,1,57.0,52.0,50.0,71.0,57.0,30.3,54.75,7.14
2022-07-09,Croissant,95.0,5,9,7,2022,27,1,125.0,93.0,122.0,145.0,108.0,54.09,83.75,31.78
2022-07-10,Croissant,87.0,6,10,7,2022,27,1,51.0,44.0,76.0,72.0,68.0,54.09,76.25,20.25
2022-07-10,Danish,49.0,6,10,7,2022,27,1,63.0,27.0,26.0,47.0,29.0,30.3,53.75,6.99
2022-07-14,Danish,45.0,3,14,7,2022,28,0,46.0,36.0,36.0,15.0,11.0,30.3,50.25,3.4
2022-07-14,Croissant,88.0,3,14,7,2022,28,0,69.0,70.0,86.0,42.0,26.0,54.09,85.25,11.32
2022-07-15,Croissant,49.0,4,15,7,2022,28,0,90.0,80.0,64.0,68.0,57.0,54.09,90.0,3.56
2022-07-15,Danish,17.0,4,15,7,2022,28,0,53.0,42.0,28.0,37.0,23.0,30.3,50.0,3.83
2022-07-16,Croissant,92.0,5,16,7,2022,28,1,95.0,125.0,93.0,122.0,99.0,54.09,79.75,20.81
2022-07-16,Danish,53.0,5,16,7,2022,28,1,53.0,57.0,52.0,50.0,31.0,30.3,41.0,16.33
2022-07-17,Croissant,54.0,6,17,7,2022,28,1,87.0,51.0,44.0,76.0,46.0,54.09,79.0,20.12
2022-07-17,Danish,53.0,6,17,7,2022,28,1,49.0,63.0,27.0,26.0,27.0,30.3,41.0,16.33
2022-07-21,Croissant,49.0,3,21,7,2022,29,0,88.0,69.0,70.0,86.0,66.0,54.09,70.75,22.38
2022-07-21,Danish,40.0,3,21,7,2022,29,0,45.0,46.0,36.0,36.0,12.0,30.3,42.0,17.09
2022-07-22,Danish,8.0,4,22,7,2022,29,0,17.0,53.0,42.0,28.0,31.0,30.3,40.75,16.98
2022-07-22,Croissant,118.0,4,22,7,2022,29,0,49.0,90.0,80.0,64.0,79.0,54.09,61.0,20.8
2022-07-23,Croissant,79.0,5,23,7,2022,29,1,92.0,95.0,125.0,93.0,86.0,54.09,78.25,32.72
2022-07-23,Danish,62.0,5,23,7,2022,29,1,53.0,53.0,57.0,52.0,14.0,30.3,38.5,21.24
2022-07-24,Croissant,46.0,6,24,7,2022,29,1,54.0,87.0,51.0,44.0,64.0,54.09,75.0,31.53
2022-07-24,Danish,48.0,6,24,7,2022,29,1,53.0,49.0,63.0,27.0,10.0,30.3,40.75,23.63
2022-07-28,Danish,40.0,3,28,7,2022,30,0,40.0,45.0,46.0,39.5,12.0,30.3,39.5,22.88
2022-07-28,Croissant,91.0,3,28,7,2022,30,0,49.0,88.0,69.0,70.0,42.0,54.09,73.0,33.5
2022-07-29,Croissant,82.0,4,29,7,2022,30,0,118.0,49.0,90.0,80.0,72.0,54.09,83.5,29.85
2022-07-29,Danish,22.0,4,29,7,2022,30,0,8.0,17.0,53.0,42.0,12.0,30.3,39.5,22.88
2022-07-30,Danish,53.0,5,30,7,2022,30,1,62.0,53.0,53.0,57.0,24.0,30.3,43.0,16.69
2022-07-30,Croissant,109.0,5,30,7,2022,30,1,79.0,92.0,95.0,125.0,89.0,54.09,74.5,19.67
2022-07-31,Danish,33.0,6,31,7,2022,30,1,48.0,53.0,49.0,63.0,9.0,30.3,40.75,13.6
2022-07-31,Croissant,124.0,6,31,7,2022,30,1,46.0,54.0,87.0,51.0,79.0,54.09,82.0,26.5
2022-08-04,Danish,57.0,3,4,8,2022,31,0,40.0,40.0,45.0,46.0,14.0,30.3,37.0,12.99
2022-08-04,Croissant,110.0,3,4,8,2022,31,0,91.0,49.0,88.0,69.0,53.0,54.09,101.5,18.73
2022-08-05,Danish,30.0,4,5,8,2022,31,0,22.0,8.0,17.0,53.0,16.0,30.3,41.25,16.58
2022-08-05,Croissant,74.0,4,5,8,2022,31,0,82.0,118.0,49.0,90.0,87.0,54.09,106.25,17.56
2022-08-06,Danish,45.0,5,6,8,2022,31,1,53.0,62.0,53.0,53.0,13.0,30.3,43.25,13.72
2022-08-06,Croissant,114.0,5,6,8,2022,31,1,109.0,79.0,92.0,95.0,133.0,54.09,104.25,21.3
2022-08-07,Croissant,100.0,6,7,8,2022,31,1,124.0,46.0,54.0,87.0,64.0,54.09,105.5,21.81
2022-08-07,Danish,27.0,6,7,8,2022,31,1,33.0,48.0,53.0,49.0,15.0,30.3,41.25,12.34
2022-08-11,Croissant,101.0,3,11,8,2022,32,0,110.0,91.0,49.0,88.0,55.0,54.09,99.5,17.99
2022-08-11,Danish,57.0,3,11,8,2022,32,0,57.0,40.0,40.0,45.0,11.0,30.3,39.75,13.94
2022-08-12,Danish,36.0,4,12,8,2022,32,0,30.0,22.0,8.0,17.0,13.0,30.3,34.0,9.64
2022-08-12,Croissant,98.0,4,12,8,2022,32,0,74.0,82.0,118.0,49.0,68.0,54.09,97.25,16.76
2022-08-13,Danish,47.0,5,13,8,2022,32,1,45.0,53.0,62.0,53.0,19.0,30.3,36.0,9.0
2022-08-13,Croissant,102.0,5,13,8,2022,32,1,114.0,109.0,79.0,92.0,99.0,54.09,103.25,7.27
2022-08-14,Croissant,104.0,6,14,8,2022,32,1,100.0,124.0,46.0,54.0,47.0,54.09,100.25,1.71
2022-08-14,Danish,51.0,6,14,8,2022,32,1,27.0,33.0,48.0,53.0,16.0,30.3,36.67,10.02
2022-08-18,Croissant,35.0,3,18,8,2022,33,0,101.0,110.0,91.0,49.0,82.0,54.09,101.25,2.5
2022-08-18,Danish,2.0,3,18,8,2022,33,0,57.0,57.0,40.0,40.0,15.0,30.3,44.67,7.77
2022-08-19,Danish,55.0,4,19,8,2022,33,0,36.0,30.0,22.0,8.0,3.0,30.3,34.0,22.26
2022-08-19,Croissant,47.0,4,19,8,2022,33,0,98.0,74.0,82.0,118.0,73.0,54.09,84.75,33.26
2022-08-20,Croissant,97.0,5,20,8,2022,33,1,102.0,114.0,109.0,79.0,125.0,54.09,72.0,36.14
2022-08-20,Danish,48.0,5,20,8,2022,33,1,47.0,45.0,53.0,62.0,31.0,30.3,38.75,24.72
2022-08-21,Danish,42.0,6,21,8,2022,33,1,51.0,27.0,33.0,48.0,5.0,30.3,39.0,24.83
2022-08-21,Croissant,58.0,6,21,8,2022,33,1,104.0,100.0,124.0,46.0,55.0,54.09,70.75,34.82
2022-08-25,Croissant,35.0,3,25,8,2022,34,0,35.0,101.0,110.0,91.0,73.0,54.09,59.25,26.86
2022-08-25,Danish,2.0,3,25,8,2022,34,0,2.0,57.0,57.0,40.0,16.0,30.3,36.75,23.77
2022-08-26,Croissant,84.0,4,26,8,2022,34,0,47.0,98.0,74.0,82.0,79.0,54.09,67.33,26.27
2022-08-26,Danish,55.0,4,26,8,2022,34,0,55.0,36.0,30.0,22.0,9.0,30.3,48.33,6.51
2022-08-27,Croissant,115.0,5,27,8,2022,34,1,97.0,102.0,114.0,109.0,97.0,54.09,79.67,19.86
2022-08-27,Danish,48.0,5,27,8,2022,34,1,48.0,47.0,45.0,53.0,15.0,30.3,45.0,4.24
2022-08-28,Croissant,66.0,6,28,8,2022,34,1,58.0,104.0,100.0,124.0,73.0,54.09,85.67,28.54
2022-08-28,Danish,39.0,6,28,8,2022,34,1,42.0,51.0,27.0,33.0,6.0,30.3,42.0,0.0
2022-09-01,Croissant,35.0,3,1,9,2022,35,0,35.0,35.0,101.0,110.0,37.0,54.09,88.33,24.79
2022-09-01,Danish,2.0,3,1,9,2022,35,0,2.0,2.0,57.0,57.0,6.0,30.3,39.0,0.0
2022-09-02,Croissant,89.0,4,2,9,2022,35,0,84.0,47.0,98.0,74.0,80.0,54.09,88.33,24.79
2022-09-02,Danish,46.0,4,2,9,2022,35,0,55.0,55.0,36.0,30.0,12.0,30.3,39.0,0.0
2022-09-03,Croissant,103.0,5,3,9,2022,35,1,115.0,97.0,102.0,114.0,101.0,54.09,90.0,24.52
2022-09-03,Danish,46.0,5,3,9,2022,35,1,48.0,48.0,47.0,45.0,18.0,30.3,42.5,4.95
2022-09-04,Croissant,44.0,6,4,9,2022,35,1,66.0,58.0,104.0,100.0,63.0,54.09,86.0,18.68
2022-09-04,Danish,20.0,6,4,9,2022,35,1,39.0,42.0,51.0,27.0,14.0,30.3,43.67,4.04
2022-09-08,Croissant,60.0,3,8,9,2022,36,0,35.0,35.0,35.0,101.0,32.0,54.09,78.67,30.83
2022-09-08,Danish,34.0,3,8,9,2022,36,0,2.0,2.0,2.0,37.33,10.0,30.3,37.33,15.01
2022-09-09,Croissant,68.0,4,9,9,2022,36,0,89.0,84.0,47.0,98.0,52.0,54.09,74.0,26.85
2022-09-09,Danish,32.0,4,9,9,2022,36,0,46.0,55.0,55.0,36.0,8.0,30.3,36.5,12.37
2022-09-10,Croissant,103.0,5,10,9,2022,36,1,103.0,115.0,97.0,102.0,88.0,54.09,68.75,24.92
2022-09-10,Danish,51.0,5,10,9,2022,36,1,46.0,48.0,48.0,47.0,30.0,30.3,33.0,10.65
2022-09-11,Croissant,69.0,6,11,9,2022,36,1,44.0,66.0,58.0,104.0,37.0,54.09,68.75,24.92
2022-09-11,Danish,31.0,6,11,9,2022,36,1,20.0,39.0,42.0,51.0,17.0,30.3,34.25,12.76
2022-09-15,Danish,32.0,3,15,9,2022,37,0,34.0,2.0,2.0,2.0,27.0,30.3,37.0,9.42
2022-09-15,Croissant,55.0,3,15,9,2022,37,0,60.0,35.0,35.0,35.0,27.0,54.09,75.0,19.1
2022-09-16,Croissant,97.0,4,16,9,2022,37,0,68.0,89.0,84.0,47.0,56.0,54.09,73.75,20.52
2022-09-16,Danish,7.0,4,16,9,2022,37,0,32.0,46.0,55.0,55.0,24.0,30.3,36.5,9.68
2022-09-17,Danish,32.0,5,17,9,2022,37,1,51.0,46.0,48.0,48.0,31.0,30.3,30.25,18.03
2022-09-17,Croissant,91.0,5,17,9,2022,37,1,103.0,103.0,115.0,97.0,79.0,54.09,81.0,22.8
2022-09-18,Croissant,71.0,6,18,9,2022,37,1,69.0,44.0,66.0,58.0,73.0,54.09,78.0,19.49
2022-09-18,Danish,40.0,6,18,9,2022,37,1,31.0,20.0,39.0,42.0,44.0,30.3,25.5,12.34
2022-09-22,Danish,36.0,3,22,9,2022,38,0,32.0,34.0,27.75,27.75,8.0,30.3,27.75,14.34
2022-09-22,Croissant,66.0,3,22,9,2022,38,0,55.0,60.0,78.5,78.5,29.0,54.09,78.5,19.21
2022-09-23,Danish,28.0,4,23,9,2022,38,0,7.0,32.0,46.0,28.75,23.0,30.3,28.75,14.86
2022-09-23,Croissant,78.0,4,23,9,2022,38,0,97.0,68.0,89.0,84.0,65.0,54.09,81.25,15.06
2022-09-24,Danish,28.0,5,24,9,2022,38,1,32.0,51.0,46.0,34.0,40.0,30.3,34.0,5.16
2022-09-24,Croissant,105.0,5,24,9,2022,38,1,91.0,103.0,103.0,115.0,81.0,54.09,76.5,10.85
2022-09-25,Croissant,77.0,6,25,9,2022,38,1,71.0,69.0,44.0,66.0,43.0,54.09,80.0,17.38
2022-09-25,Danish,23.0,6,25,9,2022,38,1,40.0,31.0,20.0,39.0,30.0,30.3,33.0,6.0
2022-09-29,Croissant,66.0,3,29,9,2022,39,0,66.0,55.0,60.0,81.5,36.0,54.09,81.5,16.58
2022-09-29,Danish,36.0,3,29,9,2022,39,0,36.0,32.0,34.0,28.75,20.0,30.3,28.75,5.38
2022-09-30,Danish,38.0,4,30,9,2022,39,0,28.0,7.0,32.0,46.0,23.0,30.3,26.33,2.89
2022-09-30,Croissant,97.0,4,30,9,2022,39,0,78.0,97.0,68.0,89.0,33.0,54.09,86.67,15.89
2022-10-01,Croissant,113.0,5,1,10,2022,39,1,105.0,91.0,103.0,103.0,65.0,54.09,93.0,14.42
2022-10-01,Danish,42.0,5,1,10,2022,39,1,28.0,32.0,51.0,46.0,39.0,30.3,29.67,7.64
2022-10-02,Danish,35.0,6,2,10,2022,39,1,23.0,40.0,31.0,20.0,31.0,30.3,34.33,10.02
2022-10-02,Croissant,64.0,6,2,10,2022,39,1,77.0,71.0,69.0,44.0,67.0,54.09,95.67,18.04
2022-10-06,Danish,32.0,3,6,10,2022,40,0,36.0,36.0,32.0,34.0,25.0,30.3,38.33,3.51
2022-10-06,Croissant,66.0,3,6,10,2022,40,0,66.0,66.0,55.0,60.0,44.0,54.09,91.33,24.99
2022-10-07,Danish,26.0,4,7,10,2022,40,0,38.0,28.0,7.0,32.0,27.0,30.3,36.75,4.27
2022-10-07,Croissant,52.0,4,7,10,2022,40,0,97.0,78.0,97.0,68.0,58.0,54.09,85.0,24.01
2022-10-08,Danish,49.0,5,8,10,2022,40,1,42.0,28.0,32.0,51.0,50.0,30.3,33.75,6.65
2022-10-08,Croissant,116.0,5,8,10,2022,40,1,113.0,105.0,91.0,103.0,80.0,54.09,73.75,26.89
2022-10-09,Danish,38.0,6,9,10,2022,40,1,35.0,23.0,40.0,31.0,33.0,30.3,35.5,9.75
2022-10-09,Croissant,94.0,6,9,10,2022,40,1,64.0,77.0,71.0,69.0,64.0,54.09,74.5,28.35
2022-10-13,Danish,31.0,3,13,10,2022,41,0,32.0,36.0,36.0,32.0,20.0,30.3,36.25,9.81
2022-10-13,Croissant,64.0,3,13,10,2022,41,0,66.0,66.0,66.0,55.0,30.0,54.09,82.0,28.61
2022-10-14,Croissant,91.0,4,14,10,2022,41,0,52.0,97.0,78.0,97.0,43.0,54.09,81.5,29.0
2022-10-14,Danish,38.0,4,14,10,2022,41,0,26.0,38.0,28.0,7.0,30.0,30.3,36.0,9.97
2022-10-15,Danish,43.0,5,15,10,2022,41,1,49.0,42.0,28.0,32.0,38.0,30.3,39.0,7.44
2022-10-15,Croissant,94.0,5,15,10,2022,41,1,116.0,113.0,105.0,91.0,70.0,54.09,91.25,21.31
2022-10-16,Croissant,64.0,6,16,10,2022,41,1,94.0,64.0,77.0,71.0,35.0,54.09,85.75,14.57
2022-10-16,Danish,37.0,6,16,10,2022,41,1,38.0,35.0,23.0,40.0,29.0,30.3,37.5,4.93
2022-10-20,Danish,30.0,3,20,10,2022,42,0,31.0,32.0,36.0,36.0,26.0,30.3,37.25,4.92
2022-10-20,Croissant,40.0,3,20,10,2022,42,0,64.0,66.0,66.0,66.0,40.0,54.09,78.25,16.5
2022-10-21,Danish,45.0,4,21,10,2022,42,0,38.0,26.0,38.0,28.0,19.0,30.3,37.0,5.35
2022-10-21,Croissant,85.0,4,21,10,2022,42,0,91.0,52.0,97.0,78.0,44.0,54.09,72.25,25.38
2022-10-22,Danish,22.0,5,22,10,2022,42,1,43.0,49.0,42.0,28.0,46.0,30.3,38.75,6.75
2022-10-22,Croissant,87.0,5,22,10,2022,42,1,94.0,116.0,113.0,105.0,67.0,54.09,70.75,24.05
2022-10-23,Croissant,72.0,6,23,10,2022,42,1,64.0,94.0,64.0,77.0,44.0,54.09,69.0,21.95
2022-10-23,Danish,30.0,6,23,10,2022,42,1,37.0,38.0,35.0,23.0,38.0,30.3,33.5,9.81
2022-10-27,Danish,23.0,3,27,10,2022,43,0,30.0,31.0,32.0,31.75,16.0,30.3,31.75,9.6
2022-10-27,Croissant,51.0,3,27,10,2022,43,0,40.0,64.0,66.0,71.0,35.0,54.09,71.0,21.71
2022-10-28,Croissant,59.0,4,28,10,2022,43,0,85.0,91.0,52.0,97.0,52.0,54.09,73.75,16.56
2022-10-28,Danish,37.0,4,28,10,2022,43,0,45.0,38.0,26.0,38.0,28.0,30.3,30.0,10.61
2022-10-29,Danish,31.0,5,29,10,2022,43,1,22.0,43.0,49.0,42.0,44.0,30.3,28.0,6.98
2022-10-29,Croissant,81.0,5,29,10,2022,43,1,87.0,94.0,116.0,113.0,70.0,54.09,67.25,15.76
2022-10-30,Danish,22.0,6,30,10,2022,43,1,30.0,37.0,38.0,35.0,24.0,30.3,30.25,5.74
2022-10-30,Croissant,60.0,6,30,10,2022,43,1,72.0,64.0,94.0,64.0,33.0,54.09,65.75,13.35
2022-11-03,Croissant,41.0,3,3,11,2022,44,0,51.0,40.0,64.0,66.0,35.0,54.09,62.75,12.82
2022-11-03,Danish,17.0,3,3,11,2022,44,0,23.0,30.0,31.0,32.0,20.0,30.3,28.25,7.09
2022-11-04,Danish,30.0,4,4,11,2022,44,0,37.0,45.0,38.0,26.0,26.0,30.3,26.75,8.96
2022-11-04,Croissant,63.0,4,4,11,2022,44,0,59.0,85.0,91.0,52.0,47.0,54.09,60.25,16.36
2022-11-05,Croissant,136.0,5,5,11,2022,44,1,81.0,87.0,94.0,116.0,63.0,54.09,61.25,16.38
2022-11-05,Danish,19.0,5,5,11,2022,44,1,31.0,22.0,43.0,49.0,49.0,30.3,25.0,6.68
2022-11-06,Danish,38.0,6,6,11,2022,44,1,22.0,30.0,37.0,38.0,18.0,30.3,22.0,5.72
2022-11-06,Croissant,59.0,6,6,11,2022,44,1,60.0,72.0,64.0,94.0,73.0,54.09,75.0,41.82
2022-11-10,Danish,17.0,3,10,11,2022,45,0,17.0,23.0,30.0,31.0,24.0,30.3,26.0,9.83
2022-11-10,Croissant,40.0,3,10,11,2022,45,0,41.0,51.0,40.0,64.0,43.0,54.09,74.75,41.94
2022-11-11,Croissant,45.0,4,11,11,2022,45,0,63.0,59.0,85.0,91.0,39.0,54.09,74.5,42.21
2022-11-11,Danish,21.0,4,11,11,2022,45,0,30.0,37.0,45.0,38.0,27.0,30.3,26.0,9.83
2022-11-12,Croissant,86.0,5,12,11,2022,45,1,136.0,81.0,87.0,94.0,71.0,54.09,70.0,44.73
2022-11-12,Danish,35.0,5,12,11,2022,45,1,19.0,31.0,22.0,43.0,47.0,30.3,23.75,9.64
2022-11-13,Croissant,58.0,6,13,11,2022,45,1,59.0,60.0,72.0,64.0,53.0,54.09,57.5,20.63
2022-11-13,Danish,18.0,6,13,11,2022,45,1,38.0,22.0,30.0,37.0,28.0,30.3,27.75,10.31
2022-11-17,Croissant,44.0,3,17,11,2022,46,0,40.0,41.0,51.0,40.0,40.0,54.09,57.25,20.61
2022-11-17,Danish,18.0,3,17,11,2022,46,0,17.0,17.0,23.0,30.0,15.0,30.3,22.75,8.34
2022-11-18,Croissant,53.0,4,18,11,2022,46,0,45.0,63.0,59.0,85.0,53.0,54.09,58.25,19.57
2022-11-18,Danish,24.0,4,18,11,2022,46,0,21.0,30.0,37.0,45.0,27.0,30.3,23.0,8.12
2022-11-19,Croissant,62.0,5,19,11,2022,46,1,86.0,136.0,81.0,87.0,58.0,54.09,60.25,18.12
2022-11-19,Danish,33.0,5,19,11,2022,46,1,35.0,19.0,31.0,22.0,42.0,30.3,23.75,8.02
2022-11-20,Croissant,41.0,6,20,11,2022,46,1,58.0,59.0,60.0,72.0,39.0,54.09,54.25,7.76
2022-11-20,Danish,13.0,6,20,11,2022,46,1,18.0,38.0,22.0,30.0,21.0,30.3,23.25,7.09
2022-11-24,Croissant,0.0,3,24,11,2022,47,0,44.0,40.0,41.0,51.0,0.0,54.09,50.0,9.49
2022-11-24,Danish,0.0,3,24,11,2022,47,0,18.0,17.0,17.0,23.0,0.0,30.3,22.0,8.6
2022-11-25,Croissant,53.0,4,25,11,2022,47,0,53.0,45.0,63.0,59.0,54.09,54.09,39.0,27.39
2022-11-25,Danish,24.0,4,25,11,2022,47,0,24.0,21.0,30.0,37.0,30.3,30.3,17.5,14.25
2022-11-26,Danish,33.0,5,26,11,2022,47,1,33.0,35.0,19.0,31.0,40.0,30.3,15.33,16.62
2022-11-26,Croissant,62.0,5,26,11,2022,47,1,62.0,86.0,136.0,81.0,60.0,54.09,34.33,31.53
2022-11-27,Danish,15.0,6,27,11,2022,47,1,13.0,18.0,38.0,22.0,8.0,30.3,6.5,9.19
2022-11-27,Croissant,30.0,6,27,11,2022,47,1,41.0,58.0,59.0,60.0,21.0,54.09,20.5,28.99
2022-12-01,Croissant,30.0,3,1,12,2022,48,0,0.0,44.0,40.0,41.0,33.0,54.09,15.0,21.21
2022-12-01,Danish,16.0,3,1,12,2022,48,0,0.0,18.0,17.0,17.0,11.0,30.3,7.5,10.61
2022-12-02,Croissant,35.0,4,2,12,2022,48,0,53.0,53.0,45.0,63.0,34.0,54.09,30.0,0.0
2022-12-02,Danish,15.0,4,2,12,2022,48,0,24.0,24.0,21.0,30.0,7.0,30.3,15.5,0.71
2022-12-03,Croissant,45.0,5,3,12,2022,48,1,62.0,62.0,86.0,136.0,50.0,54.09,31.67,2.89
2022-12-03,Danish,19.0,5,3,12,2022,48,1,33.0,33.0,35.0,19.0,34.0,30.3,15.33,0.58
2022-12-04,Danish,18.0,6,4,12,2022,48,1,15.0,13.0,18.0,38.0,14.0,30.3,16.25,1.89
2022-12-04,Croissant,38.0,6,4,12,2022,48,1,30.0,41.0,58.0,59.0,29.0,54.09,35.0,7.07
2022-12-08,Croissant,47.0,3,8,12,2022,49,0,30.0,0.0,44.0,40.0,22.0,54.09,37.0,6.27
2022-12-08,Danish,20.0,3,8,12,2022,49,0,16.0,0.0,18.0,17.0,14.0,30.3,17.0,1.83
2022-12-09,Danish,10.0,4,9,12,2022,49,0,15.0,24.0,24.0,21.0,24.0,30.3,18.0,2.16
2022-12-09,Croissant,39.0,4,9,12,2022,49,0,35.0,53.0,53.0,45.0,49.0,54.09,41.25,5.68
2022-12-10,Croissant,46.0,5,10,12,2022,49,1,45.0,62.0,62.0,86.0,57.0,54.09,42.25,4.43
2022-12-10,Danish,26.0,5,10,12,2022,49,1,19.0,33.0,33.0,35.0,36.0,30.3,16.75,4.57
2022-12-11,Croissant,25.0,6,11,12,2022,49,1,38.0,30.0,41.0,58.0,39.0,54.09,42.5,4.65
2022-12-11,Danish,5.0,6,11,12,2022,49,1,18.0,15.0,13.0,18.0,7.0,30.3,18.5,6.61
2022-12-15,Croissant,37.0,3,15,12,2022,50,0,47.0,30.0,0.0,44.0,21.0,54.09,39.25,10.14
2022-12-15,Danish,12.0,3,15,12,2022,50,0,20.0,16.0,0.0,18.0,13.0,30.3,15.25,9.5
2022-12-16,Danish,16.0,4,16,12,2022,50,0,10.0,15.0,24.0,24.0,4.0,30.3,13.25,9.0
2022-12-16,Croissant,39.0,4,16,12,2022,50,0,39.0,35.0,53.0,53.0,43.0,54.09,36.75,8.73
2022-12-17,Danish,24.0,5,17,12,2022,50,1,26.0,19.0,33.0,33.0,29.0,30.3,14.75,8.77
2022-12-17,Croissant,56.0,5,17,12,2022,50,1,46.0,45.0,62.0,62.0,75.0,54.09,36.75,8.73
2022-12-18,Danish,8.0,6,18,12,2022,50,1,5.0,18.0,15.0,13.0,15.0,30.3,14.25,7.93
2022-12-18,Croissant,27.0,6,18,12,2022,50,1,25.0,38.0,30.0,41.0,22.0,54.09,39.25,12.76
2022-12-22,Danish,12.0,3,22,12,2022,51,0,12.0,20.0,16.0,0.0,28.0,30.3,15.0,6.83
2022-12-22,Croissant,37.0,3,22,12,2022,51,0,37.0,47.0,30.0,0.0,60.0,54.09,39.75,12.04
2022-12-23,Croissant,76.0,4,23,12,2022,51,0,39.0,39.0,35.0,40.67,121.0,54.09,40.67,14.57
2022-12-23,Danish,21.0,4,23,12,2022,51,0,16.0,10.0,15.0,16.0,41.0,30.3,16.0,8.0
2022-12-24,Croissant,84.0,5,24,12,2022,51,1,56.0,46.0,45.0,53.0,0.0,54.09,53.0,24.64
2022-12-24,Danish,24.0,5,24,12,2022,51,1,24.0,26.0,19.0,17.67,0.0,30.3,17.67,8.5
2022-12-25,Croissant,0.0,6,25,12,2022,51,1,27.0,25.0,38.0,30.0,54.09,54.09,62.33,30.86
2022-12-25,Danish,0.0,6,25,12,2022,51,1,8.0,5.0,18.0,15.0,30.3,30.3,17.67,8.5
2022-12-29,Croissant,50.0,3,29,12,2022,52,0,37.0,37.0,47.0,30.0,50.0,54.09,53.33,46.36
2022-12-29,Danish,17.0,3,29,12,2022,52,0,12.0,12.0,20.0,16.0,18.0,30.3,15.0,13.08
2022-12-30,Croissant,49.0,4,30,12,2022,52,0,76.0,39.0,39.0,35.0,101.0,54.09,52.5,37.89
2022-12-30,Danish,21.0,4,30,12,2022,52,0,21.0,16.0,10.0,15.0,30.0,30.3,15.5,10.72
2022-12-31,Danish,29.0,5,31,12,2022,52,1,24.0,24.0,26.0,19.0,30.3,30.3,15.5,10.72
2022-12-31,Croissant,78.0,5,31,12,2022,52,1,84.0,56.0,46.0,45.0,54.09,54.09,45.75,34.57
2023-01-01,Danish,0.0,6,1,1,2023,52,1,0.0,8.0,5.0,18.0,9.0,30.3,16.75,12.23
2023-01-01,Croissant,0.0,6,1,1,2023,52,1,0.0,27.0,25.0,38.0,27.0,54.09,44.25,32.42
2023-01-05,Danish,17.0,3,5,1,2023,1,0,17.0,12.0,12.0,20.0,9.0,30.3,16.75,12.23
2023-01-05,Croissant,50.0,3,5,1,2023,1,0,50.0,37.0,37.0,47.0,21.0,54.09,44.25,32.42
2023-01-06,Croissant,49.0,4,6,1,2023,1,0,49.0,76.0,39.0,39.0,52.0,54.09,42.33,39.43
2023-01-06,Danish,21.0,4,6,1,2023,1,0,21.0,21.0,16.0,10.0,22.0,30.3,16.67,14.98
2023-01-07,Danish,29.0,5,7,1,2023,1,1,29.0,24.0,24.0,26.0,34.0,30.3,14.5,20.51
2023-01-07,Croissant,78.0,5,7,1,2023,1,1,78.0,84.0,56.0,46.0,55.0,54.09,39.0,55.15
2023-01-08,Danish,0.0,6,8,1,2023,1,1,0.0,0.0,8.0,5.0,5.0,30.3,0.0,0.0
2023-01-08,Croissant,0.0,6,8,1,2023,1,1,0.0,0.0,27.0,25.0,12.0,54.09,0.0,0.0
2023-01-12,Danish,18.0,3,12,1,2023,2,0,17.0,17.0,12.0,12.0,22.0,30.3,0.0,0.0
2023-01-12,Croissant,35.0,3,12,1,2023,2,0,50.0,50.0,37.0,37.0,34.0,54.09,0.0,0.0
2023-01-13,Danish,11.0,4,13,1,2023,2,0,21.0,21.0,21.0,16.0,33.0,30.3,18.0,0.0
2023-01-13,Croissant,32.0,4,13,1,2023,2,0,49.0,49.0,76.0,39.0,73.0,54.09,35.0,0.0
2023-01-14,Croissant,75.0,5,14,1,2023,2,1,78.0,78.0,84.0,56.0,60.0,54.09,33.5,2.12
2023-01-14,Danish,32.0,5,14,1,2023,2,1,29.0,29.0,24.0,24.0,34.0,30.3,14.5,4.95
2023-01-15,Danish,21.0,6,15,1,2023,2,1,0.0,0.0,0.0,8.0,29.0,30.3,20.33,10.69
2023-01-15,Croissant,34.0,6,15,1,2023,2,1,0.0,0.0,0.0,27.0,36.0,54.09,47.33,24.01
2023-01-19,Danish,19.0,3,19,1,2023,3,0,18.0,17.0,17.0,20.5,20.0,30.3,20.5,8.74
2023-01-19,Croissant,39.0,3,19,1,2023,3,0,35.0,50.0,50.0,44.0,42.0,54.09,44.0,20.7
2023-01-20,Danish,17.0,4,20,1,2023,3,0,11.0,21.0,21.0,21.0,17.0,30.3,20.75,8.66
2023-01-20,Croissant,73.0,4,20,1,2023,3,0,32.0,49.0,49.0,76.0,44.0,54.09,45.0,20.22
2023-01-21,Croissant,71.0,5,21,1,2023,3,1,75.0,78.0,78.0,84.0,43.0,54.09,55.25,21.76
2023-01-21,Danish,30.0,5,21,1,2023,3,1,32.0,29.0,29.0,24.0,16.0,30.3,22.25,6.7
2023-01-22,Croissant,30.0,6,22,1,2023,3,1,34.0,0.0,0.0,0.0,35.0,54.09,54.25,20.61
2023-01-22,Danish,17.0,6,22,1,2023,3,1,21.0,0.0,0.0,0.0,16.0,30.3,21.75,5.74
2023-01-26,Croissant,37.0,3,26,1,2023,4,0,39.0,35.0,50.0,50.0,34.0,54.09,53.25,21.98
2023-01-26,Danish,17.0,3,26,1,2023,4,0,19.0,18.0,17.0,17.0,6.0,30.3,20.75,6.24
2023-01-27,Croissant,45.0,4,27,1,2023,4,0,73.0,32.0,49.0,49.0,55.0,54.09,52.75,22.43
2023-01-27,Danish,19.0,4,27,1,2023,4,0,17.0,11.0,21.0,21.0,22.0,30.3,20.25,6.5
2023-01-28,Danish,34.0,5,28,1,2023,4,1,30.0,32.0,29.0,29.0,24.0,30.3,20.75,6.24
2023-01-28,Croissant,68.0,5,28,1,2023,4,1,71.0,75.0,78.0,78.0,60.0,54.09,45.75,17.91
2023-01-29,Danish,15.0,6,29,1,2023,4,1,17.0,21.0,0.0,0.0,20.0,30.3,21.75,8.22
2023-01-29,Croissant,30.0,6,29,1,2023,4,1,30.0,34.0,0.0,0.0,54.0,54.09,45.0,16.51
2023-02-02,Danish,17.0,3,2,2,2023,5,0,17.0,19.0,18.0,21.25,21.0,30.3,21.25,8.66
2023-02-02,Croissant,37.0,3,2,2,2023,5,0,37.0,39.0,35.0,45.0,22.0,54.09,45.0,16.51
2023-02-03,Croissant,25.0,4,3,2,2023,5,0,45.0,73.0,32.0,47.67,9.0,54.09,47.67,19.14
2023-02-03,Danish,14.0,4,3,2,2023,5,0,19.0,17.0,11.0,22.67,7.0,30.3,22.67,10.02
2023-02-04,Danish,24.0,5,4,2,2023,5,1,34.0,30.0,32.0,21.0,33.0,30.3,21.0,11.27
2023-02-04,Croissant,47.0,5,4,2,2023,5,1,68.0,71.0,75.0,41.0,48.0,54.09,41.0,23.52
2023-02-05,Croissant,35.0,6,5,2,2023,5,1,30.0,30.0,34.0,34.0,51.0,54.09,34.0,11.53
2023-02-05,Danish,15.0,6,5,2,2023,5,1,15.0,17.0,21.0,17.67,24.0,30.3,17.67,5.51
2023-02-09,Croissant,53.0,3,9,2,2023,6,0,37.0,37.0,39.0,35.0,27.0,54.09,35.67,11.02
2023-02-09,Danish,22.0,3,9,2,2023,6,0,17.0,17.0,19.0,18.0,14.0,30.3,17.67,5.51
2023-02-10,Croissant,28.0,4,10,2,2023,6,0,25.0,45.0,73.0,32.0,52.0,54.09,40.0,12.49
2023-02-10,Danish,13.0,4,10,2,2023,6,0,14.0,19.0,17.0,11.0,25.0,30.3,18.75,4.99
2023-02-11,Danish,45.0,5,11,2,2023,6,1,24.0,34.0,30.0,32.0,33.0,30.3,18.5,5.32
2023-02-11,Croissant,65.0,5,11,2,2023,6,1,47.0,68.0,71.0,75.0,66.0,54.09,40.75,11.32
2023-02-12,Croissant,25.0,6,12,2,2023,6,1,35.0,30.0,30.0,34.0,43.0,54.09,45.25,16.86
2023-02-12,Danish,23.0,6,12,2,2023,6,1,15.0,15.0,17.0,21.0,17.0,30.3,23.75,14.68
2023-02-16,Danish,17.0,3,16,2,2023,7,0,22.0,17.0,17.0,19.0,18.0,30.3,25.75,13.6
2023-02-16,Croissant,37.0,3,16,2,2023,7,0,53.0,37.0,37.0,39.0,41.0,54.09,42.75,19.43
2023-02-17,Danish,38.0,4,17,2,2023,7,0,13.0,14.0,19.0,17.0,7.0,30.3,24.5,14.27
2023-02-17,Croissant,42.0,4,17,2,2023,7,0,28.0,25.0,45.0,73.0,26.0,54.09,38.75,18.23
2023-02-18,Danish,37.0,5,18,2,2023,7,1,45.0,24.0,34.0,30.0,34.0,30.3,30.75,12.97
2023-02-18,Croissant,69.0,5,18,2,2023,7,1,65.0,47.0,68.0,71.0,74.0,54.09,42.25,16.76
2023-02-19,Croissant,44.0,6,19,2,2023,7,1,25.0,35.0,30.0,30.0,46.0,54.09,43.25,18.59
2023-02-19,Danish,32.0,6,19,2,2023,7,1,23.0,15.0,15.0,17.0,24.0,30.3,28.75,10.4
2023-02-23,Danish,11.0,3,23,2,2023,8,0,17.0,22.0,17.0,17.0,26.0,30.3,31.0,9.7
2023-02-23,Croissant,30.0,3,23,2,2023,8,0,37.0,53.0,37.0,37.0,40.0,54.09,48.0,14.31
2023-02-24,Croissant,36.0,4,24,2,2023,8,0,42.0,28.0,25.0,45.0,35.0,54.09,46.25,16.38
2023-02-24,Danish,25.0,4,24,2,2023,8,0,38.0,13.0,14.0,19.0,15.0,30.3,29.5,12.61
2023-02-25,Croissant,65.0,5,25,2,2023,8,1,69.0,65.0,47.0,68.0,89.0,54.09,44.75,17.15
2023-02-25,Danish,32.0,5,25,2,2023,8,1,37.0,45.0,24.0,34.0,46.0,30.3,26.25,11.3
2023-02-26,Croissant,32.0,6,26,2,2023,8,1,44.0,25.0,35.0,30.0,56.0,54.09,43.75,15.28
2023-02-26,Danish,34.0,6,26,2,2023,8,1,32.0,23.0,15.0,15.0,25.0,30.3,25.0,9.9
2023-03-02,Danish,25.0,3,2,3,2023,9,0,11.0,17.0,22.0,25.5,20.0,30.3,25.5,10.41
2023-03-02,Croissant,43.0,3,2,3,2023,9,0,30.0,37.0,53.0,40.75,40.0,54.09,40.75,16.36
2023-03-03,Croissant,48.0,4,3,3,2023,9,0,36.0,42.0,28.0,25.0,52.0,54.09,44.0,14.72
2023-03-03,Danish,24.0,4,3,3,2023,9,0,25.0,38.0,13.0,14.0,27.0,30.3,29.0,4.69
2023-03-04,Croissant,40.0,5,4,3,2023,9,1,65.0,69.0,65.0,47.0,54.0,54.09,47.0,13.74
2023-03-04,Danish,33.0,5,4,3,2023,9,1,32.0,37.0,45.0,24.0,35.0,30.3,28.75,4.99
2023-03-05,Danish,12.0,6,5,3,2023,9,1,34.0,32.0,23.0,15.0,21.0,30.3,29.0,5.23
2023-03-05,Croissant,42.0,6,5,3,2023,9,1,32.0,44.0,25.0,35.0,52.0,54.09,40.75,6.7
2023-03-09,Danish,21.0,3,9,3,2023,10,0,25.0,11.0,17.0,22.0,13.0,30.3,23.5,8.66
2023-03-09,Croissant,45.0,3,9,3,2023,10,0,43.0,30.0,37.0,53.0,35.0,54.09,43.25,3.4
2023-03-10,Croissant,42.0,4,10,3,2023,10,0,48.0,36.0,42.0,28.0,47.0,54.09,43.75,3.5
2023-03-10,Danish,24.0,4,10,3,2023,10,0,24.0,25.0,38.0,13.0,26.0,30.3,22.5,8.66
2023-03-11,Croissant,50.0,5,11,3,2023,10,1,40.0,65.0,69.0,65.0,40.0,54.09,42.25,2.06
2023-03-11,Danish,25.0,5,11,3,2023,10,1,33.0,32.0,37.0,45.0,14.0,30.3,22.5,8.66
2023-03-12,Croissant,58.0,6,12,3,2023,10,1,42.0,32.0,44.0,25.0,32.0,54.09,44.75,3.77
2023-03-12,Danish,28.0,6,12,3,2023,10,1,12.0,34.0,32.0,23.0,15.0,30.3,20.5,5.92
2023-03-16,Danish,18.0,3,16,3,2023,11,0,21.0,25.0,11.0,17.0,13.0,30.3,24.5,2.89
2023-03-16,Croissant,33.0,3,16,3,2023,11,0,45.0,43.0,30.0,37.0,31.0,54.09,48.75,6.99
2023-03-17,Croissant,37.0,4,17,3,2023,11,0,42.0,48.0,36.0,42.0,66.0,54.09,45.75,10.72
2023-03-17,Danish,15.0,4,17,3,2023,11,0,24.0,24.0,25.0,38.0,24.0,30.3,23.75,4.19
2023-03-18,Croissant,60.0,5,18,3,2023,11,1,50.0,40.0,65.0,69.0,48.0,54.09,44.5,11.56
2023-03-18,Danish,27.0,5,18,3,2023,11,1,25.0,33.0,32.0,37.0,23.0,30.3,21.5,6.03
2023-03-19,Danish,20.0,6,19,3,2023,11,1,28.0,12.0,34.0,32.0,22.0,30.3,22.0,6.48
2023-03-19,Croissant,37.0,6,19,3,2023,11,1,58.0,42.0,32.0,44.0,36.0,54.09,47.0,13.98
2023-03-23,Croissant,42.0,3,23,3,2023,12,0,33.0,45.0,43.0,30.0,21.0,54.09,41.75,12.31
2023-03-23,Danish,21.0,3,23,3,2023,12,0,18.0,21.0,25.0,11.0,21.0,30.3,20.0,5.1
2023-03-24,Croissant,55.0,4,24,3,2023,12,0,37.0,42.0,48.0,36.0,50.0,54.09,44.0,10.92
2023-03-24,Danish,10.0,4,24,3,2023,12,0,15.0,24.0,24.0,25.0,24.0,30.3,20.75,4.92
2023-03-25,Croissant,62.0,5,25,3,2023,12,1,60.0,50.0,40.0,65.0,64.0,54.09,48.5,10.79
2023-03-25,Danish,35.0,5,25,3,2023,12,1,27.0,25.0,33.0,32.0,31.0,30.3,19.5,7.05
2023-03-26,Croissant,26.0,6,26,3,2023,12,1,37.0,58.0,42.0,32.0,41.0,54.09,49.0,11.52
2023-03-26,Danish,23.0,6,26,3,2023,12,1,20.0,28.0,12.0,34.0,27.0,30.3,21.5,10.28
2023-03-30,Danish,21.0,3,30,3,2023,13,0,21.0,18.0,21.0,25.0,12.0,30.3,22.25,10.24
2023-03-30,Croissant,38.0,3,30,3,2023,13,0,42.0,33.0,45.0,43.0,21.0,54.09,46.25,15.84
2023-03-31,Danish,26.0,4,31,3,2023,13,0,10.0,15.0,24.0,24.0,9.0,30.3,22.25,10.24
2023-03-31,Croissant,54.0,4,31,3,2023,13,0,55.0,37.0,42.0,48.0,30.0,54.09,45.25,16.32
2023-04-01,Danish,30.0,5,1,4,2023,13,1,35.0,27.0,25.0,33.0,28.0,30.3,26.25,6.18
2023-04-01,Croissant,71.0,5,1,4,2023,13,1,62.0,60.0,50.0,40.0,63.0,54.09,45.0,16.12
2023-04-02,Croissant,32.0,6,2,4,2023,13,1,26.0,37.0,58.0,42.0,36.0,54.09,47.25,19.55
2023-04-02,Danish,15.0,6,2,4,2023,13,1,23.0,20.0,28.0,12.0,11.0,30.3,25.0,3.92
2023-04-06,Croissant,27.0,3,6,4,2023,14,0,38.0,42.0,33.0,45.0,34.0,54.09,48.75,17.5
2023-04-06,Danish,20.0,3,6,4,2023,14,0,21.0,21.0,18.0,21.0,10.0,30.3,23.0,6.48
2023-04-07,Croissant,58.0,4,7,4,2023,14,0,54.0,55.0,37.0,42.0,58.0,54.09,46.0,20.38
2023-04-07,Danish,32.0,4,7,4,2023,14,0,26.0,10.0,15.0,24.0,26.0,30.3,22.75,6.6
2023-04-08,Croissant,93.0,5,8,4,2023,14,1,71.0,62.0,60.0,50.0,68.0,54.09,47.0,20.99
2023-04-08,Danish,36.0,5,8,4,2023,14,1,30.0,35.0,27.0,25.0,41.0,30.3,24.25,8.1
2023-04-09,Danish,15.0,6,9,4,2023,14,1,15.0,23.0,20.0,28.0,25.0,30.3,25.75,9.88
2023-04-09,Croissant,15.0,6,9,4,2023,14,1,32.0,26.0,37.0,58.0,44.0,54.09,52.5,30.23
2023-04-13,Danish,16.0,3,13,4,2023,15,0,20.0,21.0,21.0,18.0,30.3,30.3,29.33,8.33
2023-04-13,Croissant,30.0,3,13,4,2023,15,0,27.0,38.0,42.0,33.0,54.09,54.09,48.25,34.9
2023-04-14,Danish,30.0,4,14,4,2023,15,0,32.0,26.0,10.0,15.0,29.0,30.3,28.0,10.58
2023-04-14,Croissant,63.0,4,14,4,2023,15,0,58.0,54.0,55.0,37.0,41.0,54.09,49.0,34.32
2023-04-15,Croissant,75.0,5,15,4,2023,15,1,93.0,71.0,62.0,60.0,64.0,54.09,50.25,34.85
2023-04-15,Danish,42.0,5,15,4,2023,15,1,36.0,30.0,35.0,27.0,33.0,30.3,27.33,10.26
2023-04-16,Danish,26.0,6,16,4,2023,15,1,15.0,15.0,23.0,20.0,30.3,30.3,29.33,13.01
2023-04-16,Croissant,48.0,6,16,4,2023,15,1,15.0,32.0,26.0,37.0,54.09,54.09,45.75,27.97
2023-04-20,Croissant,33.0,3,20,4,2023,16,0,30.0,27.0,38.0,42.0,51.0,54.09,54.0,19.44
2023-04-20,Danish,19.0,3,20,4,2023,16,0,16.0,20.0,21.0,21.0,23.0,30.3,28.5,10.75
2023-04-21,Danish,28.0,4,21,4,2023,16,0,30.0,32.0,26.0,10.0,27.0,30.3,29.25,9.64
2023-04-21,Croissant,64.0,4,21,4,2023,16,0,63.0,58.0,54.0,55.0,50.0,54.09,54.75,18.23
2023-04-22,Croissant,78.0,5,22,4,2023,16,1,75.0,93.0,71.0,62.0,59.0,54.09,55.0,18.38
2023-04-22,Danish,38.0,5,22,4,2023,16,1,42.0,36.0,30.0,35.0,38.0,30.3,28.75,9.64
2023-04-23,Danish,37.0,6,23,4,2023,16,1,26.0,15.0,15.0,23.0,19.0,30.3,27.75,7.85
2023-04-23,Croissant,49.0,6,23,4,2023,16,1,48.0,15.0,32.0,26.0,59.0,54.09,55.75,19.5
2023-04-27,Danish,26.0,3,27,4,2023,17,0,19.0,16.0,20.0,21.0,23.0,30.3,30.5,8.89
2023-04-27,Croissant,48.0,3,27,4,2023,17,0,33.0,30.0,27.0,38.0,40.0,54.09,56.0,19.37
2023-04-28,Danish,41.0,4,28,4,2023,17,0,28.0,30.0,32.0,26.0,28.0,30.3,32.25,6.13
2023-04-28,Croissant,78.0,4,28,4,2023,17,0,64.0,63.0,58.0,54.0,60.0,54.09,59.75,14.2
2023-04-29,Danish,64.0,5,29,4,2023,17,1,38.0,42.0,36.0,30.0,31.0,30.3,35.5,6.56
2023-04-29,Croissant,75.0,5,29,4,2023,17,1,78.0,75.0,93.0,71.0,80.0,54.09,63.25,17.04
2023-04-30,Croissant,35.0,6,30,4,2023,17,1,49.0,48.0,15.0,32.0,48.0,54.09,62.5,16.22
2023-04-30,Danish,39.0,6,30,4,2023,17,1,37.0,26.0,15.0,15.0,16.0,30.3,42.0,15.98
2023-05-04,Croissant,53.0,3,4,5,2023,18,0,48.0,33.0,30.0,27.0,34.0,54.09,59.0,20.93
2023-05-04,Danish,32.0,3,4,5,2023,18,0,26.0,19.0,16.0,20.0,20.0,30.3,42.5,15.8
2023-05-05,Croissant,84.0,4,5,5,2023,18,0,78.0,64.0,63.0,58.0,61.0,54.09,60.25,20.19
2023-05-05,Danish,33.0,4,5,5,2023,18,0,41.0,28.0,30.0,32.0,25.0,30.3,44.0,13.88
2023-05-06,Danish,55.0,5,6,5,2023,18,1,64.0,38.0,42.0,36.0,30.0,30.3,42.0,14.99
2023-05-06,Croissant,89.0,5,6,5,2023,18,1,75.0,78.0,75.0,93.0,65.0,54.09,61.75,22.08
2023-05-07,Croissant,63.0,6,7,5,2023,18,1,35.0,49.0,48.0,15.0,56.0,54.09,65.25,25.7
2023-05-07,Danish,30.0,6,7,5,2023,18,1,39.0,37.0,26.0,39.75,35.0,30.3,39.75,10.63
2023-05-11,Danish,25.0,3,11,5,2023,19,0,32.0,26.0,19.0,16.0,39.0,27.0,37.5,11.73
2023-05-11,Croissant,35.0,3,11,5,2023,19,0,53.0,48.0,33.0,30.0,42.0,42.0,72.25,17.08
2023-05-12,Croissant,70.0,4,12,5,2023,19,0,84.0,78.0,64.0,63.0,56.0,61.0,67.75,24.57
2023-05-12,Danish,31.0,4,12,5,2023,19,0,33.0,41.0,28.0,30.0,35.0,27.0,35.75,13.25
2023-05-13,Croissant,74.0,5,13,5,2023,19,1,89.0,75.0,78.0,75.0,74.0,100.0,64.25,22.38
2023-05-13,Danish,56.0,5,13,5,2023,19,1,55.0,64.0,38.0,42.0,44.0,59.0,35.25,13.43
2023-05-14,Croissant,87.0,6,14,5,2023,19,1,63.0,35.0,49.0,48.0,53.0,53.0,60.5,17.6
2023-05-14,Danish,49.0,6,14,5,2023,19,1,30.0,39.0,37.0,26.0,32.0,28.0,35.5,13.92
2023-05-18,Croissant,55.0,3,18,5,2023,20,0,35.0,53.0,48.0,33.0,46.0,19.0,66.5,22.22
2023-05-18,Danish,26.0,3,18,5,2023,20,0,25.0,32.0,26.0,19.0,19.0,11.0,40.25,14.64
2023-05-19,Croissant,68.0,4,19,5,2023,20,0,70.0,84.0,78.0,64.0,53.0,52.0,71.5,13.18
2023-05-19,Danish,44.0,4,19,5,2023,20,0,31.0,33.0,41.0,28.0,23.0,32.0,40.5,14.29
2023-05-20,Croissant,77.0,5,20,5,2023,20,1,74.0,89.0,75.0,78.0,124.0,94.0,71.0,13.29
2023-05-20,Danish,60.0,5,20,5,2023,20,1,56.0,55.0,64.0,38.0,32.0,37.0,43.75,12.82
2023-05-21,Croissant,47.0,6,21,5,2023,20,1,87.0,63.0,35.0,49.0,63.0,47.0,71.75,13.6
2023-05-21,Danish,42.0,6,21,5,2023,20,1,49.0,30.0,39.0,37.0,37.0,10.0,44.75,14.17
2023-05-25,Danish,27.0,3,25,5,2023,21,0,26.0,25.0,32.0,26.0,26.0,17.0,43.0,13.9
2023-05-25,Croissant,76.0,3,25,5,2023,21,0,55.0,35.0,53.0,48.0,46.0,40.0,61.75,13.35
2023-05-26,Croissant,80.0,4,26,5,2023,21,0,68.0,70.0,84.0,78.0,81.0,80.0,67.0,13.93
2023-05-26,Danish,47.0,4,26,5,2023,21,0,44.0,31.0,33.0,41.0,44.0,36.0,43.25,13.5
2023-05-27,Croissant,89.0,5,27,5,2023,21,1,77.0,74.0,89.0,75.0,110.0,95.0,70.0,15.43
2023-05-27,Danish,56.0,5,27,5,2023,21,1,60.0,56.0,55.0,64.0,59.0,60.0,44.0,13.64
2023-05-28,Danish,49.0,6,28,5,2023,21,1,42.0,49.0,30.0,39.0,55.0,24.0,43.0,12.14
2023-05-28,Croissant,68.0,6,28,5,2023,21,1,47.0,87.0,63.0,35.0,91.0,66.0,73.0,18.17
2023-06-01,Croissant,36.0,3,1,6,2023,22,0,76.0,55.0,35.0,53.0,38.0,53.0,78.25,8.73
2023-06-01,Danish,29.0,3,1,6,2023,22,0,27.0,26.0,25.0,32.0,19.0,28.0,44.75,12.45
2023-06-02,Danish,34.0,4,2,6,2023,22,0,47.0,44.0,31.0,33.0,36.0,22.0,45.25,11.5
2023-06-02,Croissant,64.0,4,2,6,2023,22,0,80.0,68.0,70.0,84.0,50.0,47.0,68.25,23.16
2023-06-03,Danish,49.0,5,3,6,2023,22,1,56.0,60.0,56.0,55.0,45.0,38.0,42.0,12.62
2023-06-03,Croissant,81.0,5,3,6,2023,22,1,89.0,77.0,74.0,89.0,70.0,85.0,64.25,21.79
2023-06-04,Danish,40.0,6,4,6,2023,22,1,49.0,42.0,49.0,30.0,42.0,8.0,40.25,10.31
2023-06-04,Croissant,66.0,6,4,6,2023,22,1,68.0,47.0,87.0,63.0,55.0,33.0,62.25,18.95
2023-06-08,Danish,24.0,3,8,6,2023,23,0,29.0,27.0,26.0,25.0,36.0,18.0,38.0,8.6
2023-06-08,Croissant,33.0,3,8,6,2023,23,0,36.0,76.0,55.0,35.0,39.0,35.0,61.75,18.77
2023-06-09,Danish,41.0,4,9,6,2023,23,0,34.0,47.0,44.0,31.0,41.0,27.0,36.75,10.5
2023-06-09,Croissant,72.0,4,9,6,2023,23,0,64.0,80.0,68.0,70.0,54.0,49.0,61.0,20.15
2023-06-10,Danish,67.0,5,10,6,2023,23,1,49.0,56.0,60.0,56.0,71.0,24.0,38.5,10.47
2023-06-10,Croissant,106.0,5,10,6,2023,23,1,81.0,89.0,77.0,74.0,145.0,93.0,63.0,20.93
2023-06-11,Danish,51.0,6,11,6,2023,23,1,40.0,49.0,42.0,49.0,47.0,23.0,43.0,17.8
2023-06-11,Croissant,90.0,6,11,6,2023,23,1,66.0,68.0,47.0,87.0,72.0,42.0,69.25,29.9
2023-06-15,Danish,43.0,3,15,6,2023,24,0,24.0,29.0,27.0,26.0,15.0,15.0,45.75,18.03
2023-06-15,Croissant,63.0,3,15,6,2023,24,0,33.0,36.0,76.0,55.0,42.0,34.0,75.25,31.4
2023-06-16,Danish,52.0,4,16,6,2023,24,0,41.0,34.0,47.0,44.0,37.0,25.0,50.5,11.82
2023-06-16,Croissant,72.0,4,16,6,2023,24,0,72.0,64.0,80.0,68.0,68.0,51.0,82.75,19.14
2023-06-17,Danish,56.0,5,17,6,2023,24,1,67.0,49.0,56.0,60.0,50.0,50.0,53.25,10.01
2023-06-17,Croissant,60.0,5,17,6,2023,24,1,106.0,81.0,89.0,77.0,122.0,110.0,82.75,19.14
2023-06-18,Danish,66.0,6,18,6,2023,24,1,51.0,40.0,49.0,42.0,26.0,28.0,50.5,5.45
2023-06-18,Croissant,90.0,6,18,6,2023,24,1,90.0,66.0,68.0,47.0,76.0,67.0,71.25,13.5
2023-06-22,Danish,38.0,3,22,6,2023,25,0,43.0,24.0,29.0,27.0,36.0,11.0,54.25,9.54
2023-06-22,Croissant,66.0,3,22,6,2023,25,0,63.0,33.0,36.0,76.0,86.0,50.0,71.25,13.5
2023-06-23,Croissant,59.0,4,23,6,2023,25,0,72.0,72.0,64.0,80.0,64.0,65.0,72.0,12.96
2023-06-23,Danish,47.0,4,23,6,2023,25,0,52.0,41.0,34.0,47.0,28.0,11.0,53.0,11.6
2023-06-24,Danish,65.0,5,24,6,2023,25,1,56.0,67.0,49.0,56.0,52.0,24.0,51.75,12.01
2023-06-24,Croissant,92.0,5,24,6,2023,25,1,60.0,106.0,81.0,89.0,93.0,84.0,68.75,14.5
2023-06-25,Croissant,55.0,6,25,6,2023,25,1,90.0,90.0,66.0,68.0,44.0,28.0,76.75,16.72
2023-06-25,Danish,46.0,6,25,6,2023,25,1,66.0,51.0,40.0,49.0,27.0,10.0,54.0,13.78
2023-06-29,Danish,33.0,3,29,6,2023,26,0,38.0,43.0,24.0,29.0,30.3,6.0,49.0,11.4
2023-06-29,Croissant,56.0,3,29,6,2023,26,0,66.0,63.0,33.0,36.0,70.0,53.0,68.0,16.63
2023-06-30,Danish,65.0,4,30,6,2023,26,0,47.0,52.0,41.0,34.0,42.0,12.0,47.75,13.15
2023-06-30,Croissant,76.0,4,30,6,2023,26,0,59.0,72.0,72.0,64.0,80.0,73.0,65.5,17.75
2023-07-01,Danish,70.0,5,1,7,2023,26,1,65.0,56.0,67.0,49.0,57.0,12.0,52.25,15.65
2023-07-01,Croissant,110.0,5,1,7,2023,26,1,92.0,60.0,106.0,81.0,125.0,111.0,69.75,17.71
2023-07-02,Danish,50.0,6,2,7,2023,26,1,46.0,66.0,51.0,40.0,63.0,0.0,53.5,17.14
2023-07-02,Croissant,67.0,6,2,7,2023,26,1,55.0,90.0,90.0,66.0,51.0,0.0,74.25,25.72
2023-07-06,Danish,44.0,3,6,7,2023,27,0,33.0,38.0,43.0,24.0,46.0,10.0,54.5,16.66
2023-07-06,Croissant,50.0,3,6,7,2023,27,0,56.0,66.0,63.0,33.0,69.0,42.0,77.25,23.31
2023-07-07,Croissant,81.0,4,7,7,2023,27,0,76.0,59.0,72.0,72.0,90.0,71.0,75.75,25.25
2023-07-07,Danish,44.0,4,7,7,2023,27,0,65.0,47.0,52.0,41.0,53.0,30.0,57.25,12.26
2023-07-08,Danish,66.0,5,8,7,2023,27,1,70.0,65.0,56.0,67.0,53.0,57.0,52.0,12.33
2023-07-08,Croissant,98.0,5,8,7,2023,27,1,110.0,92.0,60.0,106.0,95.0,108.0,77.0,25.39
2023-07-09,Danish,53.0,6,9,7,2023,27,1,50.0,46.0,66.0,51.0,49.0,29.0,51.0,10.39
2023-07-09,Croissant,58.0,6,9,7,2023,27,1,67.0,55.0,90.0,90.0,87.0,68.0,74.0,20.41
2023-07-13,Croissant,31.0,3,13,7,2023,28,0,50.0,56.0,66.0,63.0,88.0,26.0,71.75,21.88
2023-07-13,Danish,54.0,3,13,7,2023,28,0,44.0,33.0,38.0,43.0,45.0,11.0,51.75,10.4
2023-07-14,Danish,42.0,4,14,7,2023,28,0,44.0,65.0,47.0,52.0,17.0,23.0,54.25,9.03
2023-07-14,Croissant,98.0,4,14,7,2023,28,0,81.0,76.0,59.0,72.0,49.0,57.0,67.0,29.06
2023-07-15,Croissant,101.0,5,15,7,2023,28,1,98.0,110.0,92.0,60.0,92.0,99.0,71.25,32.8
2023-07-15,Danish,62.0,5,15,7,2023,28,1,66.0,70.0,65.0,56.0,53.0,31.0,53.75,9.81
2023-07-16,Danish,53.0,6,16,7,2023,28,1,53.0,50.0,46.0,66.0,53.0,27.0,52.75,8.22
2023-07-16,Croissant,73.0,6,16,7,2023,28,1,58.0,67.0,55.0,90.0,54.0,46.0,72.0,33.64
2023-07-20,Danish,43.0,3,20,7,2023,29,0,54.0,44.0,33.0,38.0,40.0,12.0,52.75,8.22
2023-07-20,Croissant,56.0,3,20,7,2023,29,0,31.0,50.0,56.0,66.0,49.0,66.0,75.75,32.37
2023-07-21,Danish,84.0,4,21,7,2023,29,0,42.0,44.0,65.0,47.0,8.0,31.0,50.0,9.42
2023-07-21,Croissant,67.0,4,21,7,2023,29,0,98.0,81.0,76.0,59.0,118.0,79.0,82.0,21.4
2023-07-22,Danish,65.0,5,22,7,2023,29,1,62.0,66.0,70.0,65.0,62.0,14.0,60.5,17.48
2023-07-22,Croissant,71.0,5,22,7,2023,29,1,101.0,98.0,110.0,92.0,79.0,86.0,74.25,19.17
2023-07-23,Croissant,96.0,6,23,7,2023,29,1,73.0,58.0,67.0,55.0,46.0,64.0,66.75,7.59
2023-07-23,Danish,56.0,6,23,7,2023,29,1,53.0,53.0,50.0,46.0,48.0,10.0,61.25,17.63
2023-07-27,Croissant,56.0,3,27,7,2023,30,0,56.0,31.0,50.0,56.0,91.0,42.0,72.5,16.9
2023-07-27,Danish,53.0,3,27,7,2023,30,0,43.0,54.0,44.0,33.0,40.0,12.0,62.0,17.22
2023-07-28,Croissant,79.0,4,28,7,2023,30,0,67.0,98.0,81.0,76.0,82.0,72.0,72.5,16.9
2023-07-28,Danish,47.0,4,28,7,2023,30,0,84.0,42.0,44.0,65.0,22.0,12.0,64.5,13.96
2023-07-29,Croissant,106.0,5,29,7,2023,30,1,71.0,101.0,98.0,110.0,109.0,89.0,75.5,16.66
2023-07-29,Danish,82.0,5,29,7,2023,30,1,65.0,62.0,66.0,70.0,53.0,24.0,55.25,7.5
2023-07-30,Croissant,65.0,6,30,7,2023,30,1,96.0,73.0,58.0,67.0,124.0,79.0,84.25,21.88
2023-07-30,Danish,53.0,6,30,7,2023,30,1,56.0,53.0,53.0,50.0,33.0,9.0,59.5,15.46
2023-08-03,Danish,59.0,3,3,8,2023,31,0,53.0,43.0,54.0,44.0,57.0,14.0,58.75,15.76
2023-08-03,Croissant,94.0,3,3,8,2023,31,0,56.0,56.0,31.0,50.0,110.0,53.0,76.5,21.83
2023-08-04,Danish,62.0,4,4,8,2023,31,0,47.0,84.0,42.0,44.0,30.0,16.0,60.25,15.31
2023-08-04,Croissant,75.0,4,4,8,2023,31,0,79.0,67.0,98.0,81.0,74.0,87.0,86.0,17.83
2023-08-05,Croissant,114.0,5,5,8,2023,31,1,106.0,71.0,101.0,98.0,114.0,133.0,85.0,18.46
2023-08-05,Danish,70.0,5,5,8,2023,31,1,82.0,65.0,62.0,66.0,45.0,13.0,64.0,12.57
2023-08-06,Danish,53.0,6,6,8,2023,31,1,53.0,56.0,53.0,53.0,27.0,15.0,61.0,7.07
2023-08-06,Croissant,71.0,6,6,8,2023,31,1,65.0,96.0,73.0,58.0,100.0,64.0,87.0,21.65
2023-08-10,Danish,58.0,3,10,8,2023,32,0,59.0,53.0,43.0,54.0,30.3,11.0,61.0,7.07
2023-08-10,Croissant,97.0,3,10,8,2023,32,0,94.0,56.0,56.0,31.0,101.0,55.0,88.5,19.74
2023-08-11,Danish,66.0,4,11,8,2023,32,0,62.0,47.0,84.0,42.0,36.0,13.0,60.75,7.18
2023-08-11,Croissant,89.0,4,11,8,2023,32,0,75.0,79.0,67.0,98.0,98.0,68.0,89.25,20.07
2023-08-12,Danish,66.0,5,12,8,2023,32,1,70.0,82.0,65.0,62.0,47.0,19.0,61.75,7.68
2023-08-12,Croissant,113.0,5,12,8,2023,32,1,114.0,106.0,71.0,101.0,102.0,99.0,92.75,17.86
2023-08-13,Danish,71.0,6,13,8,2023,32,1,53.0,53.0,56.0,53.0,51.0,16.0,60.75,6.4
2023-08-13,Croissant,84.0,6,13,8,2023,32,1,71.0,65.0,96.0,73.0,104.0,47.0,92.5,17.46
2023-08-17,Croissant,86.0,3,17,8,2023,33,0,97.0,94.0,56.0,56.0,35.0,82.0,95.75,12.69
2023-08-17,Danish,43.0,3,17,8,2023,33,0,58.0,59.0,53.0,43.0,2.0,15.0,65.25,5.38
2023-08-18,Danish,54.0,4,18,8,2023,33,0,66.0,62.0,47.0,84.0,55.0,3.0,61.5,12.56
2023-08-18,Croissant,97.0,4,18,8,2023,33,0,89.0,75.0,79.0,67.0,47.0,73.0,93.0,13.49
2023-08-19,Croissant,102.0,5,19,8,2023,33,1,113.0,114.0,106.0,71.0,97.0,125.0,95.0,13.29
2023-08-19,Danish,68.0,5,19,8,2023,33,1,66.0,70.0,82.0,65.0,48.0,31.0,58.5,12.56
2023-08-20,Croissant,86.0,6,20,8,2023,33,1,84.0,71.0,65.0,96.0,58.0,55.0,92.25,8.66
2023-08-20,Danish,74.0,6,20,8,2023,33,1,71.0,53.0,53.0,56.0,42.0,5.0,59.0,12.99
2023-08-24,Croissant,74.0,3,24,8,2023,34,0,86.0,97.0,94.0,56.0,54.09,73.0,92.75,8.06
2023-08-24,Danish,34.0,3,24,8,2023,34,0,43.0,58.0,59.0,53.0,30.3,16.0,59.75,13.96
2023-08-25,Croissant,69.0,4,25,8,2023,34,0,97.0,89.0,75.0,79.0,84.0,79.0,89.75,12.45
2023-08-25,Danish,64.0,4,25,8,2023,34,0,54.0,66.0,62.0,47.0,30.3,9.0,57.5,17.77
2023-08-26,Croissant,102.0,5,26,8,2023,34,1,102.0,113.0,114.0,106.0,115.0,97.0,82.75,14.68
2023-08-26,Danish,67.0,5,26,8,2023,34,1,68.0,66.0,70.0,82.0,30.3,15.0,60.0,17.81
2023-08-27,Danish,49.0,6,27,8,2023,34,1,74.0,71.0,53.0,53.0,39.0,6.0,59.75,17.67
2023-08-27,Croissant,68.0,6,27,8,2023,34,1,86.0,84.0,71.0,65.0,66.0,73.0,82.75,14.68
2023-08-31,Danish,45.0,3,31,8,2023,35,0,34.0,43.0,58.0,59.0,30.3,6.0,53.5,15.2
2023-08-31,Croissant,66.0,3,31,8,2023,35,0,74.0,86.0,97.0,94.0,54.09,37.0,78.25,16.05
2023-09-01,Croissant,78.0,4,1,9,2023,35,0,69.0,97.0,89.0,75.0,89.0,80.0,76.25,17.21
2023-09-01,Danish,58.0,4,1,9,2023,35,0,64.0,54.0,66.0,62.0,46.0,12.0,56.25,10.87
2023-09-02,Croissant,111.0,5,2,9,2023,35,1,102.0,102.0,113.0,114.0,103.0,101.0,78.5,16.52
2023-09-02,Danish,57.0,5,2,9,2023,35,1,67.0,68.0,66.0,70.0,46.0,18.0,54.75,9.81
2023-09-03,Croissant,82.0,6,3,9,2023,35,1,68.0,86.0,84.0,71.0,44.0,63.0,80.75,20.84
2023-09-03,Danish,65.0,6,3,9,2023,35,1,49.0,74.0,71.0,53.0,20.0,14.0,52.25,6.29
2023-09-07,Croissant,32.0,3,7,9,2023,36,0,66.0,74.0,86.0,97.0,60.0,32.0,84.25,19.09
2023-09-07,Danish,30.0,3,7,9,2023,36,0,45.0,34.0,43.0,58.0,34.0,10.0,56.25,8.3
2023-09-08,Danish,49.0,4,8,9,2023,36,0,58.0,64.0,54.0,66.0,32.0,8.0,52.5,15.42
2023-09-08,Croissant,59.0,4,8,9,2023,36,0,78.0,69.0,97.0,89.0,68.0,52.0,75.75,32.66
2023-09-09,Danish,55.0,5,9,9,2023,36,1,57.0,67.0,68.0,66.0,51.0,30.0,50.25,15.0
2023-09-09,Croissant,58.0,5,9,9,2023,36,1,111.0,102.0,102.0,113.0,103.0,88.0,71.0,33.6
2023-09-10,Croissant,79.0,6,10,9,2023,36,1,82.0,68.0,86.0,84.0,69.0,37.0,57.75,20.43
2023-09-10,Danish,43.0,6,10,9,2023,36,1,65.0,49.0,74.0,71.0,31.0,17.0,49.75,14.73
2023-09-14,Croissant,32.0,3,14,9,2023,37,0,32.0,66.0,74.0,86.0,55.0,27.0,57.0,19.27
2023-09-14,Danish,30.0,3,14,9,2023,37,0,30.0,45.0,34.0,43.0,32.0,27.0,44.25,10.69
2023-09-15,Danish,49.0,4,15,9,2023,37,0,49.0,58.0,64.0,54.0,7.0,24.0,49.0,6.0
2023-09-15,Croissant,59.0,4,15,9,2023,37,0,59.0,78.0,69.0,97.0,97.0,56.0,65.33,11.85
2023-09-16,Danish,40.0,5,16,9,2023,37,1,55.0,57.0,67.0,68.0,32.0,31.0,49.0,8.49
2023-09-16,Croissant,84.0,5,16,9,2023,37,1,58.0,111.0,102.0,102.0,91.0,79.0,68.5,14.85
2023-09-17,Danish,53.0,6,17,9,2023,37,1,43.0,65.0,49.0,74.0,40.0,44.0,41.5,2.12
2023-09-17,Croissant,83.0,6,17,9,2023,37,1,79.0,82.0,68.0,86.0,71.0,73.0,81.5,3.54
2023-09-21,Croissant,32.0,3,21,9,2023,38,0,32.0,32.0,66.0,74.0,66.0,29.0,83.5,0.71
2023-09-21,Danish,30.0,3,21,9,2023,38,0,30.0,30.0,45.0,34.0,36.0,8.0,46.5,9.19
2023-09-22,Danish,49.0,4,22,9,2023,38,0,49.0,49.0,58.0,64.0,28.0,23.0,46.5,9.19
2023-09-22,Croissant,85.0,4,22,9,2023,38,0,59.0,59.0,78.0,69.0,78.0,65.0,83.5,0.71
2023-09-23,Croissant,94.0,5,23,9,2023,38,1,84.0,58.0,111.0,102.0,105.0,81.0,84.0,1.0
2023-09-23,Danish,81.0,5,23,9,2023,38,1,40.0,55.0,57.0,67.0,28.0,40.0,47.33,6.66
2023-09-24,Danish,33.0,6,24,9,2023,38,1,53.0,43.0,65.0,49.0,23.0,30.0,61.0,17.44
2023-09-24,Croissant,93.0,6,24,9,2023,38,1,83.0,79.0,82.0,68.0,77.0,43.0,87.33,5.86
2023-09-28,Danish,30.0,3,28,9,2023,39,0,30.0,30.0,30.0,45.0,30.3,20.0,54.33,24.44
2023-09-28,Croissant,32.0,3,28,9,2023,39,0,32.0,32.0,32.0,66.0,54.09,36.0,90.67,4.93
2023-09-29,Croissant,65.0,4,29,9,2023,39,0,85.0,59.0,59.0,78.0,97.0,33.0,90.67,4.93
2023-09-29,Danish,48.0,4,29,9,2023,39,0,49.0,49.0,49.0,58.0,38.0,23.0,54.33,24.44
2023-09-30,Croissant,65.0,5,30,9,2023,39,1,94.0,84.0,58.0,111.0,113.0,65.0,84.0,16.46
2023-09-30,Danish,59.0,5,30,9,2023,39,1,81.0,40.0,55.0,57.0,42.0,39.0,54.0,24.56
2023-10-01,Danish,34.0,6,1,10,2023,39,1,33.0,53.0,43.0,65.0,35.0,31.0,46.67,13.05
2023-10-01,Croissant,60.0,6,1,10,2023,39,1,93.0,83.0,79.0,82.0,64.0,67.0,74.33,16.17
2023-10-05,Danish,30.0,3,5,10,2023,40,0,30.0,30.0,30.0,30.0,32.0,25.0,47.0,12.53
2023-10-05,Croissant,32.0,3,5,10,2023,40,0,32.0,32.0,32.0,32.0,66.0,44.0,63.33,2.89
2023-10-06,Danish,41.0,4,6,10,2023,40,0,48.0,49.0,49.0,49.0,26.0,27.0,47.0,12.53
2023-10-06,Croissant,84.0,4,6,10,2023,40,0,65.0,85.0,59.0,59.0,52.0,58.0,63.33,2.89
2023-10-07,Danish,57.0,5,7,10,2023,40,1,59.0,81.0,40.0,55.0,49.0,50.0,44.67,12.9
2023-10-07,Croissant,106.0,5,7,10,2023,40,1,65.0,94.0,84.0,58.0,116.0,80.0,69.67,12.66
2023-10-08,Danish,43.0,6,8,10,2023,40,1,34.0,33.0,53.0,43.0,38.0,33.0,44.0,11.79
2023-10-08,Croissant,78.0,6,8,10,2023,40,1,60.0,93.0,83.0,79.0,94.0,64.0,83.33,23.01
2023-10-12,Croissant,89.33,3,12,10,2023,41,0,89.33,89.33,89.33,89.33,64.0,30.0,89.33,14.74
2023-10-12,Danish,47.0,3,12,10,2023,41,0,47.0,47.0,47.0,47.0,31.0,20.0,47.0,8.72
2023-10-13,Croissant,66.0,4,13,10,2023,41,0,84.0,65.0,85.0,89.33,91.0,43.0,89.33,14.74
2023-10-13,Danish,38.0,4,13,10,2023,41,0,41.0,48.0,49.0,47.0,38.0,30.0,47.0,8.72
2023-10-14,Croissant,86.0,5,14,10,2023,41,1,106.0,65.0,94.0,84.0,94.0,70.0,83.33,20.53
2023-10-14,Danish,46.0,5,14,10,2023,41,1,57.0,59.0,81.0,40.0,43.0,38.0,46.0,9.85
2023-10-15,Croissant,26.0,6,15,10,2023,41,1,78.0,60.0,93.0,83.0,64.0,35.0,76.67,10.07
2023-10-15,Danish,46.0,6,15,10,2023,41,1,43.0,34.0,33.0,53.0,37.0,29.0,42.33,4.04
2023-10-19,Danish,43.33,3,19,10,2023,42,0,43.33,43.33,43.33,43.33,30.0,26.0,43.33,4.62
2023-10-19,Croissant,59.33,3,19,10,2023,42,0,59.33,59.33,59.33,59.33,40.0,40.0,59.33,30.55
2023-10-20,Danish,40.0,4,20,10,2023,42,0,38.0,41.0,48.0,49.0,45.0,19.0,43.33,4.62
2023-10-20,Croissant,38.0,4,20,10,2023,42,0,66.0,84.0,65.0,85.0,85.0,44.0,59.33,30.55
2023-10-21,Danish,61.0,5,21,10,2023,42,1,46.0,57.0,59.0,81.0,22.0,46.0,44.0,3.46
2023-10-21,Croissant,66.0,5,21,10,2023,42,1,86.0,106.0,65.0,94.0,87.0,67.0,50.0,31.75
2023-10-22,Danish,33.0,6,22,10,2023,42,1,46.0,43.0,34.0,33.0,30.0,38.0,49.0,10.82
2023-10-22,Croissant,77.0,6,22,10,2023,42,1,26.0,78.0,60.0,93.0,72.0,44.0,43.33,20.53
2023-10-26,Danish,44.67,3,26,10,2023,43,0,44.67,44.67,44.67,44.67,23.0,16.0,44.67,14.57
2023-10-26,Croissant,60.33,3,26,10,2023,43,0,60.33,60.33,60.33,60.33,51.0,35.0,60.33,20.11
2023-10-27,Danish,36.0,4,27,10,2023,43,0,40.0,38.0,41.0,48.0,37.0,28.0,44.67,14.57
2023-10-27,Croissant,71.0,4,27,10,2023,43,0,38.0,66.0,84.0,65.0,59.0,52.0,60.33,20.11
2023-10-28,Danish,40.0,5,28,10,2023,43,1,61.0,46.0,57.0,59.0,31.0,44.0,43.33,15.37
2023-10-28,Croissant,65.0,5,28,10,2023,43,1,66.0,86.0,106.0,65.0,81.0,70.0,71.33,5.51
2023-10-29,Croissant,34.0,6,29,10,2023,43,1,77.0,26.0,78.0,60.0,60.0,33.0,71.0,6.0
2023-10-29,Danish,21.0,6,29,10,2023,43,1,33.0,46.0,43.0,34.0,22.0,24.0,36.33,3.51
2023-11-02,Croissant,56.67,3,2,11,2023,44,0,56.67,56.67,56.67,56.67,41.0,35.0,56.67,19.86
2023-11-02,Danish,32.33,3,2,11,2023,44,0,32.33,32.33,32.33,32.33,17.0,20.0,32.33,10.02
2023-11-03,Danish,26.0,4,3,11,2023,44,0,36.0,40.0,38.0,41.0,30.0,26.0,32.33,10.02
2023-11-03,Croissant,58.0,4,3,11,2023,44,0,71.0,38.0,66.0,84.0,63.0,47.0,56.67,19.86
2023-11-04,Danish,45.0,5,4,11,2023,44,1,40.0,61.0,46.0,57.0,19.0,49.0,29.0,9.85
2023-11-04,Croissant,58.0,5,4,11,2023,44,1,65.0,66.0,86.0,106.0,136.0,63.0,52.33,16.26
2023-11-05,Croissant,36.0,6,5,11,2023,44,1,34.0,77.0,26.0,78.0,59.0,73.0,50.0,13.86
2023-11-05,Danish,33.0,6,5,11,2023,44,1,21.0,33.0,46.0,43.0,38.0,18.0,30.67,12.66
2023-11-09,Danish,34.67,3,9,11,2023,45,0,34.67,34.67,34.67,34.67,17.0,24.0,34.67,9.61
2023-11-09,Croissant,50.67,3,9,11,2023,45,0,50.67,50.67,50.67,50.67,40.0,43.0,50.67,12.7
2023-11-10,Croissant,56.0,4,10,11,2023,45,0,58.0,71.0,38.0,66.0,45.0,39.0,50.67,12.7
2023-11-10,Danish,33.0,4,10,11,2023,45,0,26.0,36.0,40.0,38.0,21.0,27.0,34.67,9.61
2023-11-11,Danish,0.0,5,11,11,2023,45,1,45.0,40.0,61.0,46.0,35.0,47.0,37.0,6.93
2023-11-11,Croissant,67.0,5,11,11,2023,45,1,58.0,65.0,66.0,86.0,86.0,71.0,50.0,12.17
2023-11-12,Danish,29.0,6,12,11,2023,45,1,33.0,21.0,33.0,46.0,18.0,28.0,22.0,19.05
2023-11-12,Croissant,33.0,6,12,11,2023,45,1,36.0,34.0,77.0,26.0,58.0,53.0,53.0,15.72
2023-11-16,Croissant,52.0,3,16,11,2023,46,0,52.0,52.0,52.0,52.0,44.0,40.0,52.0,17.35
2023-11-16,Danish,20.67,3,16,11,2023,46,0,20.67,20.67,20.67,20.67,18.0,15.0,20.67,18.01
2023-11-17,Croissant,56.0,4,17,11,2023,46,0,56.0,58.0,71.0,38.0,53.0,53.0,52.0,17.35
2023-11-17,Danish,33.0,4,17,11,2023,46,0,33.0,26.0,36.0,40.0,24.0,27.0,20.67,18.01
2023-11-18,Danish,0.0,5,18,11,2023,46,1,0.0,45.0,40.0,61.0,33.0,42.0,14.5,20.51
2023-11-18,Croissant,67.0,5,18,11,2023,46,1,67.0,58.0,65.0,66.0,62.0,58.0,50.0,24.04
2023-11-19,Danish,29.0,6,19,11,2023,46,1,29.0,33.0,21.0,33.0,13.0,21.0,29.0,0.0
2023-11-19,Croissant,33.0,6,19,11,2023,46,1,33.0,36.0,34.0,77.0,41.0,39.0,33.0,0.0
2023-11-23,Croissant,0.0,3,23,11,2023,47,0,54.09,54.09,54.09,54.09,0.0,0.0,0.0,0.0
2023-11-23,Danish,0.0,3,23,11,2023,47,0,30.3,30.3,30.3,30.3,0.0,0.0,0.0,0.0
2023-11-24,Danish,33.0,4,24,11,2023,47,0,33.0,33.0,26.0,36.0,30.3,30.3,0.0,0.0
2023-11-24,Croissant,56.0,4,24,11,2023,47,0,56.0,56.0,58.0,71.0,54.09,54.09,0.0,0.0
2023-11-25,Croissant,67.0,5,25,11,2023,47,1,67.0,67.0,58.0,65.0,54.09,60.0,0.0,0.0
2023-11-25,Danish,0.0,5,25,11,2023,47,1,0.0,0.0,45.0,40.0,30.3,40.0,0.0,0.0
2023-11-26,Croissant,33.0,6,26,11,2023,47,1,33.0,33.0,36.0,34.0,30.0,21.0,0.0,0.0
2023-11-26,Danish,29.0,6,26,11,2023,47,1,29.0,29.0,33.0,21.0,15.0,8.0,0.0,0.0
2023-11-30,Danish,0.0,3,30,11,2023,48,0,0.0,0.0,0.0,0.0,16.0,11.0,0.0,0.0
2023-11-30,Croissant,0.0,3,30,11,2023,48,0,0.0,0.0,0.0,0.0,30.0,33.0,0.0,0.0
2023-12-01,Danish,12.0,4,1,12,2023,48,0,33.0,33.0,33.0,26.0,15.0,7.0,0.0,0.0
2023-12-01,Croissant,33.0,4,1,12,2023,48,0,56.0,56.0,56.0,58.0,35.0,34.0,0.0,0.0
2023-12-02,Danish,39.0,5,2,12,2023,48,1,0.0,0.0,0.0,45.0,19.0,34.0,12.0,0.0
2023-12-02,Croissant,40.0,5,2,12,2023,48,1,67.0,67.0,67.0,58.0,45.0,50.0,33.0,0.0
2023-12-03,Danish,22.0,6,3,12,2023,48,1,29.0,29.0,29.0,33.0,18.0,14.0,25.5,19.09
2023-12-03,Croissant,33.0,6,3,12,2023,48,1,33.0,33.0,33.0,36.0,38.0,29.0,36.5,4.95
2023-12-07,Danish,0.0,3,7,12,2023,49,0,0.0,0.0,24.33,24.33,20.0,14.0,24.33,13.65
2023-12-07,Croissant,0.0,3,7,12,2023,49,0,0.0,0.0,35.33,35.33,47.0,22.0,35.33,4.04
2023-12-08,Croissant,50.0,4,8,12,2023,49,0,33.0,56.0,56.0,56.0,39.0,49.0,35.33,4.04
2023-12-08,Danish,22.0,4,8,12,2023,49,0,12.0,33.0,33.0,33.0,10.0,24.0,24.33,13.65
2023-12-09,Danish,42.0,5,9,12,2023,49,1,39.0,0.0,0.0,0.0,26.0,36.0,27.67,9.81
2023-12-09,Croissant,42.0,5,9,12,2023,49,1,40.0,67.0,67.0,67.0,46.0,57.0,41.0,8.54
2023-12-10,Danish,17.0,6,10,12,2023,49,1,22.0,29.0,29.0,29.0,5.0,7.0,28.67,11.55
2023-12-10,Croissant,36.0,6,10,12,2023,49,1,33.0,33.0,33.0,33.0,25.0,39.0,41.67,8.5
2023-12-14,Danish,0.0,3,14,12,2023,50,0,0.0,0.0,0.0,27.0,12.0,13.0,27.0,13.23
2023-12-14,Croissant,0.0,3,14,12,2023,50,0,0.0,0.0,0.0,42.67,37.0,21.0,42.67,7.02
2023-12-15,Croissant,39.0,4,15,12,2023,50,0,50.0,33.0,42.67,42.67,39.0,43.0,42.67,7.02
2023-12-15,Danish,23.0,4,15,12,2023,50,0,22.0,12.0,27.0,27.0,16.0,4.0,27.0,13.23
2023-12-16,Croissant,55.0,5,16,12,2023,50,1,42.0,40.0,39.0,39.0,56.0,75.0,39.0,3.0
2023-12-16,Danish,32.0,5,16,12,2023,50,1,42.0,39.0,27.33,27.33,24.0,29.0,27.33,13.05
2023-12-17,Danish,26.0,6,17,12,2023,50,1,17.0,22.0,24.0,24.0,8.0,15.0,24.0,7.55
2023-12-17,Croissant,24.0,6,17,12,2023,50,1,36.0,33.0,43.33,43.33,27.0,22.0,43.33,10.21
2023-12-21,Croissant,0.0,3,21,12,2023,51,0,0.0,0.0,0.0,0.0,54.09,60.0,39.33,15.5
2023-12-21,Danish,0.0,3,21,12,2023,51,0,0.0,0.0,0.0,0.0,30.3,28.0,27.0,4.58
2023-12-22,Danish,21.0,4,22,12,2023,51,0,23.0,22.0,12.0,27.0,21.0,41.0,27.0,4.58
2023-12-22,Croissant,46.0,4,22,12,2023,51,0,39.0,50.0,33.0,39.33,76.0,121.0,39.33,15.5
2023-12-23,Danish,32.0,5,23,12,2023,51,1,32.0,42.0,39.0,26.33,24.0,0.0,26.33,5.51
2023-12-23,Croissant,54.0,5,23,12,2023,51,1,55.0,42.0,40.0,41.67,84.0,0.0,41.67,15.95
2023-12-24,Danish,41.0,6,24,12,2023,51,1,26.0,17.0,22.0,26.33,0.0,30.3,26.33,5.51
2023-12-24,Croissant,53.0,6,24,12,2023,51,1,24.0,36.0,33.0,41.33,0.0,54.09,41.33,15.53
2023-12-28,Danish,31.33,3,28,12,2023,52,0,31.33,31.33,31.33,31.33,17.0,18.0,31.33,10.02
2023-12-28,Croissant,51.0,3,28,12,2023,52,0,51.0,51.0,51.0,51.0,50.0,50.0,51.0,4.36
2023-12-29,Croissant,31.0,4,29,12,2023,52,0,46.0,39.0,50.0,33.0,49.0,101.0,51.0,4.36
2023-12-29,Danish,20.0,4,29,12,2023,52,0,21.0,23.0,22.0,12.0,21.0,30.0,31.33,10.02
2023-12-30,Danish,26.0,5,30,12,2023,52,1,32.0,32.0,42.0,39.0,29.0,30.3,29.0,10.82
2023-12-30,Croissant,35.0,5,30,12,2023,52,1,54.0,55.0,42.0,40.0,78.0,54.09,39.67,11.72
2023-12-30,Danish,26.0,5,30,12,2023,52,1,32.0,32.0,42.0,39.0,0.0,30.3,31.0,10.54
2023-12-30,Croissant,35.0,5,30,12,2023,52,1,54.0,55.0,42.0,40.0,0.0,54.09,46.0,13.0
2023-12-31,Danish,8.0,6,31,12,2023,52,1,41.0,26.0,17.0,22.0,9.0,30.3,24.0,3.46
2023-12-31,Croissant,33.0,6,31,12,2023,52,1,53.0,24.0,36.0,33.0,27.0,54.09,33.67,2.31
2024-01-04,Croissant,33.5,3,4,1,2024,1,0,33.5,33.5,33.5,33.5,54.09,21.0,33.5,1.91
2024-01-04,Danish,20.0,3,4,1,2024,1,0,20.0,20.0,20.0,20.0,30.3,9.0,20.0,8.49
2024-01-05,Croissant,31.0,4,5,1,2024,1,0,31.0,46.0,39.0,50.0,54.09,52.0,34.33,1.15
2024-01-05,Danish,20.0,4,5,1,2024,1,0,20.0,21.0,23.0,22.0,30.3,22.0,20.0,10.39
2024-01-06,Danish,26.0,5,6,1,2024,1,1,26.0,32.0,32.0,42.0,30.3,34.0,17.0,12.73
2024-01-06,Croissant,35.0,5,6,1,2024,1,1,35.0,54.0,55.0,42.0,54.09,55.0,34.0,1.41
2024-01-07,Croissant,33.0,6,7,1,2024,1,1,33.0,53.0,24.0,36.0,54.09,12.0,33.0,0.0
2024-01-07,Danish,8.0,6,7,1,2024,1,1,8.0,41.0,26.0,17.0,30.3,5.0,8.0,0.0
2024-01-11,Croissant,54.09,3,11,1,2024,2,0,54.09,54.09,54.09,54.09,35.0,34.0,0.0,0.0
2024-01-11,Danish,30.3,3,11,1,2024,2,0,30.3,30.3,30.3,30.3,18.0,22.0,0.0,0.0
2024-01-12,Danish,22.0,4,12,1,2024,2,0,20.0,20.0,21.0,23.0,11.0,33.0,0.0,0.0
2024-01-12,Croissant,38.0,4,12,1,2024,2,0,31.0,31.0,46.0,39.0,32.0,73.0,0.0,0.0
2024-01-13,Croissant,47.0,5,13,1,2024,2,1,35.0,35.0,54.0,55.0,75.0,60.0,38.0,0.0
2024-01-13,Danish,35.0,5,13,1,2024,2,1,26.0,26.0,32.0,32.0,32.0,34.0,22.0,0.0
2024-01-14,Danish,13.0,6,14,1,2024,2,1,8.0,8.0,41.0,26.0,21.0,29.0,28.5,9.19
2024-01-14,Croissant,29.0,6,14,1,2024,2,1,33.0,33.0,53.0,24.0,34.0,36.0,42.5,6.36
2024-01-18,Croissant,38.0,3,18,1,2024,3,0,38.0,38.0,38.0,38.0,39.0,42.0,38.0,9.0
2024-01-18,Danish,23.33,3,18,1,2024,3,0,23.33,23.33,23.33,23.33,19.0,20.0,23.33,11.06
2024-01-19,Danish,16.0,4,19,1,2024,3,0,22.0,20.0,20.0,21.0,17.0,17.0,23.33,11.06
2024-01-19,Croissant,16.0,4,19,1,2024,3,0,38.0,31.0,31.0,46.0,73.0,44.0,38.0,9.0
2024-01-20,Croissant,32.0,5,20,1,2024,3,1,47.0,35.0,35.0,54.0,71.0,43.0,30.67,15.57
2024-01-20,Danish,20.0,5,20,1,2024,3,1,35.0,26.0,26.0,32.0,30.0,16.0,21.33,11.93
2024-01-21,Croissant,10.0,6,21,1,2024,3,1,29.0,33.0,33.0,53.0,30.0,35.0,25.67,8.5
2024-01-21,Danish,21.0,6,21,1,2024,3,1,13.0,8.0,8.0,41.0,17.0,16.0,16.33,3.51
2024-01-25,Croissant,19.33,3,25,1,2024,4,0,19.33,19.33,19.33,19.33,37.0,34.0,19.33,11.37
2024-01-25,Danish,19.0,3,25,1,2024,4,0,19.0,19.0,19.0,19.0,17.0,6.0,19.0,2.65
2024-01-26,Croissant,16.0,4,26,1,2024,4,0,16.0,38.0,31.0,31.0,45.0,55.0,19.33,11.37
2024-01-26,Danish,16.0,4,26,1,2024,4,0,16.0,22.0,20.0,20.0,19.0,22.0,19.0,2.65
2024-01-27,Croissant,41.0,5,27,1,2024,4,1,32.0,47.0,35.0,35.0,68.0,60.0,21.0,15.56
2024-01-27,Danish,28.0,5,27,1,2024,4,1,20.0,35.0,26.0,26.0,34.0,24.0,20.5,0.71
2024-01-28,Danish,27.0,6,28,1,2024,4,1,21.0,13.0,8.0,8.0,15.0,20.0,24.5,4.95
2024-01-28,Croissant,36.0,6,28,1,2024,4,1,10.0,29.0,33.0,33.0,30.0,54.0,25.5,21.92
2024-02-01,Croissant,38.5,3,1,2,2024,5,0,38.5,38.5,38.5,38.5,54.09,22.0,38.5,3.54
2024-02-01,Danish,27.5,3,1,2,2024,5,0,27.5,27.5,27.5,27.5,30.3,21.0,27.5,0.71
2024-02-02,Danish,19.0,4,2,2,2024,5,0,16.0,16.0,22.0,27.5,14.0,7.0,27.5,0.71
2024-02-02,Croissant,46.0,4,2,2,2024,5,0,16.0,16.0,38.0,38.5,25.0,9.0,38.5,3.54
2024-02-03,Danish,46.0,5,3,2,2024,5,1,28.0,20.0,35.0,24.67,24.0,33.0,24.67,4.93
2024-02-03,Croissant,51.0,5,3,2,2024,5,1,41.0,32.0,47.0,41.0,47.0,48.0,41.0,5.0
2024-02-04,Danish,29.0,6,4,2,2024,5,1,27.0,21.0,13.0,30.67,15.0,24.0,30.67,13.87
2024-02-04,Croissant,29.0,6,4,2,2024,5,1,36.0,10.0,29.0,44.33,35.0,51.0,44.33,7.64
2024-02-08,Croissant,42.0,3,8,2,2024,6,0,42.0,42.0,42.0,42.0,53.0,27.0,42.0,11.53
2024-02-08,Danish,31.33,3,8,2,2024,6,0,31.33,31.33,31.33,31.33,22.0,14.0,31.33,13.65
2024-02-09,Croissant,47.0,4,9,2,2024,6,0,46.0,16.0,16.0,38.0,28.0,52.0,42.0,11.53
2024-02-09,Danish,34.0,4,9,2,2024,6,0,19.0,16.0,16.0,22.0,13.0,25.0,31.33,13.65
2024-02-10,Croissant,42.0,5,10,2,2024,6,1,51.0,41.0,32.0,47.0,65.0,66.0,42.33,11.72
2024-02-10,Danish,48.0,5,10,2,2024,6,1,46.0,28.0,20.0,35.0,45.0,33.0,36.33,8.74
2024-02-11,Danish,20.0,6,11,2,2024,6,1,29.0,27.0,21.0,13.0,23.0,17.0,37.0,9.85
2024-02-11,Croissant,27.0,6,11,2,2024,6,1,29.0,36.0,10.0,29.0,25.0,43.0,39.33,9.29
2024-02-15,Croissant,38.67,3,15,2,2024,7,0,38.67,38.67,38.67,38.67,37.0,41.0,38.67,10.41
2024-02-15,Danish,34.0,3,15,2,2024,7,0,34.0,34.0,34.0,34.0,17.0,18.0,34.0,14.0
2024-02-16,Croissant,11.0,4,16,2,2024,7,0,47.0,46.0,16.0,16.0,42.0,26.0,38.67,10.41
2024-02-16,Danish,34.0,4,16,2,2024,7,0,34.0,19.0,16.0,16.0,38.0,7.0,34.0,14.0
2024-02-17,Danish,45.0,5,17,2,2024,7,1,48.0,46.0,28.0,20.0,37.0,34.0,34.0,19.8
2024-02-17,Croissant,36.0,5,17,2,2024,7,1,42.0,51.0,41.0,32.0,69.0,74.0,26.67,15.5
2024-02-18,Croissant,42.0,6,18,2,2024,7,1,27.0,29.0,36.0,10.0,44.0,46.0,24.67,12.66
2024-02-18,Danish,30.0,6,18,2,2024,7,1,20.0,29.0,27.0,21.0,32.0,24.0,32.5,17.68
2024-02-22,Croissant,29.67,3,22,2,2024,8,0,29.67,29.67,29.67,29.67,30.0,40.0,29.67,16.44
2024-02-22,Danish,37.5,3,22,2,2024,8,0,37.5,37.5,37.5,37.5,11.0,26.0,37.5,10.61
2024-02-23,Croissant,28.0,4,23,2,2024,8,0,11.0,47.0,46.0,29.67,36.0,35.0,29.67,16.44
2024-02-23,Danish,31.0,4,23,2,2024,8,0,34.0,34.0,19.0,37.5,25.0,15.0,37.5,10.61
2024-02-24,Croissant,62.0,5,24,2,2024,8,1,36.0,42.0,51.0,41.0,65.0,89.0,35.33,7.02
2024-02-24,Danish,37.0,5,24,2,2024,8,1,45.0,48.0,46.0,28.0,32.0,46.0,35.33,8.39
2024-02-25,Danish,24.0,6,25,2,2024,8,1,30.0,20.0,29.0,27.0,34.0,25.0,32.67,3.79
2024-02-25,Croissant,29.0,6,25,2,2024,8,1,42.0,27.0,29.0,36.0,32.0,56.0,44.0,17.09
2024-02-29,Danish,30.67,3,29,2,2024,9,0,30.67,30.67,30.67,30.67,25.0,20.0,30.67,6.51
2024-02-29,Croissant,39.67,3,29,2,2024,9,0,39.67,39.67,39.67,39.67,43.0,40.0,39.67,19.35
2024-03-01,Danish,24.0,4,1,3,2024,9,0,31.0,34.0,34.0,19.0,24.0,27.0,30.67,6.51
2024-03-01,Croissant,46.0,4,1,3,2024,9,0,28.0,11.0,47.0,46.0,48.0,52.0,39.67,19.35
2024-03-02,Croissant,53.0,5,2,3,2024,9,1,62.0,36.0,42.0,51.0,40.0,54.0,45.67,16.5
2024-03-02,Danish,40.0,5,2,3,2024,9,1,37.0,45.0,48.0,46.0,33.0,35.0,28.33,7.51
2024-03-03,Croissant,7.0,6,3,3,2024,9,1,29.0,42.0,27.0,29.0,42.0,52.0,42.67,12.34
2024-03-03,Danish,32.0,6,3,3,2024,9,1,24.0,30.0,20.0,29.0,12.0,21.0,29.33,9.24
2024-03-07,Croissant,35.33,3,7,3,2024,10,0,35.33,35.33,35.33,35.33,45.0,35.0,35.33,24.79
2024-03-07,Danish,32.0,3,7,3,2024,10,0,32.0,32.0,32.0,32.0,21.0,13.0,32.0,8.0
2024-03-08,Croissant,44.0,4,8,3,2024,10,0,46.0,28.0,11.0,47.0,42.0,47.0,35.33,24.79
2024-03-08,Danish,26.0,4,8,3,2024,10,0,24.0,31.0,34.0,34.0,24.0,26.0,32.0,8.0
2024-03-09,Danish,43.0,5,9,3,2024,10,1,40.0,37.0,45.0,48.0,25.0,14.0,32.67,7.02
2024-03-09,Croissant,68.0,5,9,3,2024,10,1,53.0,62.0,36.0,42.0,50.0,40.0,34.67,24.38
2024-03-10,Danish,27.0,6,10,3,2024,10,1,32.0,24.0,30.0,20.0,28.0,15.0,33.67,8.62
2024-03-10,Croissant,42.0,6,10,3,2024,10,1,7.0,29.0,42.0,27.0,58.0,32.0,39.67,30.73
2024-03-14,Croissant,51.33,3,14,3,2024,11,0,51.33,51.33,51.33,51.33,33.0,31.0,51.33,14.47
2024-03-14,Danish,32.0,3,14,3,2024,11,0,32.0,32.0,32.0,32.0,18.0,13.0,32.0,9.54
2024-03-15,Croissant,29.0,4,15,3,2024,11,0,44.0,46.0,28.0,11.0,37.0,66.0,51.33,14.47
2024-03-15,Danish,23.0,4,15,3,2024,11,0,26.0,24.0,31.0,32.0,15.0,24.0,32.0,9.54
2024-03-16,Croissant,20.0,5,16,3,2024,11,1,68.0,53.0,62.0,36.0,60.0,48.0,46.33,19.86
2024-03-16,Danish,27.0,5,16,3,2024,11,1,43.0,40.0,37.0,45.0,27.0,23.0,31.0,10.58
2024-03-17,Danish,29.0,6,17,3,2024,11,1,27.0,32.0,24.0,30.0,20.0,22.0,25.67,2.31
2024-03-17,Croissant,45.0,6,17,3,2024,11,1,42.0,7.0,29.0,42.0,37.0,36.0,30.33,11.06
2024-03-21,Danish,26.33,3,21,3,2024,12,0,26.33,26.33,26.33,26.33,21.0,21.0,26.33,3.06
2024-03-21,Croissant,31.33,3,21,3,2024,12,0,31.33,31.33,31.33,31.33,42.0,21.0,31.33,12.66
2024-03-22,Danish,26.0,4,22,3,2024,12,0,23.0,26.0,24.0,31.0,10.0,24.0,26.33,3.06
2024-03-22,Croissant,33.0,4,22,3,2024,12,0,29.0,44.0,46.0,28.0,55.0,50.0,31.33,12.66
2024-03-23,Danish,18.0,5,23,3,2024,12,1,27.0,43.0,40.0,37.0,35.0,31.0,27.33,1.53
2024-03-23,Croissant,49.0,5,23,3,2024,12,1,20.0,68.0,53.0,62.0,62.0,64.0,32.67,12.5
2024-03-24,Danish,29.0,6,24,3,2024,12,1,29.0,27.0,32.0,24.0,23.0,27.0,24.33,5.69
2024-03-24,Croissant,40.0,6,24,3,2024,12,1,45.0,42.0,7.0,29.0,26.0,41.0,42.33,8.33
2024-03-28,Croissant,29.0,3,28,3,2024,13,0,40.67,40.67,40.67,40.67,38.0,21.0,40.67,8.02
2024-03-28,Danish,13.0,3,28,3,2024,13,0,24.33,24.33,24.33,24.33,21.0,12.0,24.33,5.69
2024-03-29,Croissant,45.0,4,29,3,2024,13,0,33.0,29.0,44.0,46.0,54.0,30.0,37.75,8.77
2024-03-29,Danish,17.0,4,29,3,2024,13,0,26.0,23.0,26.0,24.0,26.0,9.0,21.5,7.33
2024-03-30,Croissant,88.0,5,30,3,2024,13,1,49.0,20.0,68.0,53.0,71.0,63.0,40.75,8.66
2024-03-30,Danish,54.0,5,30,3,2024,13,1,18.0,27.0,43.0,40.0,30.0,28.0,19.25,6.85
2024-03-31,Danish,29.0,6,31,3,2024,13,1,29.0,29.0,27.0,32.0,15.0,11.0,28.25,18.46
2024-03-31,Croissant,40.0,6,31,3,2024,13,1,40.0,45.0,42.0,7.0,32.0,36.0,50.5,25.88
2024-04-04,Croissant,29.0,3,4,4,2024,14,0,29.0,54.0,54.0,54.0,27.0,34.0,54.0,30.51
2024-04-04,Danish,13.0,3,4,4,2024,14,0,13.0,28.0,28.0,28.0,20.0,10.0,28.0,22.61
2024-04-05,Danish,17.0,4,5,4,2024,14,0,17.0,26.0,23.0,26.0,32.0,26.0,35.5,26.16
2024-04-05,Croissant,45.0,4,5,4,2024,14,0,45.0,33.0,29.0,44.0,58.0,58.0,66.5,30.41
2024-04-06,Croissant,70.0,5,6,4,2024,14,1,88.0,49.0,20.0,68.0,93.0,68.0,88.0,0.0
2024-04-06,Danish,31.0,5,6,4,2024,14,1,54.0,18.0,27.0,43.0,36.0,41.0,54.0,0.0
2024-04-07,Danish,47.0,6,7,4,2024,14,1,29.0,29.0,29.0,27.0,30.3,25.0,31.0,0.0
2024-04-07,Croissant,36.0,6,7,4,2024,14,1,40.0,40.0,45.0,42.0,15.0,44.0,70.0,0.0
2024-04-11,Danish,13.0,3,11,4,2024,15,0,13.0,13.0,39.0,39.0,16.0,30.3,39.0,11.31
2024-04-11,Croissant,21.0,3,11,4,2024,15,0,29.0,29.0,53.0,53.0,30.0,54.09,53.0,24.04
2024-04-12,Danish,26.0,4,12,4,2024,15,0,17.0,17.0,26.0,23.0,30.0,29.0,30.33,17.01
2024-04-12,Croissant,30.0,4,12,4,2024,15,0,45.0,45.0,33.0,29.0,63.0,41.0,42.33,25.11
2024-04-13,Danish,27.0,5,13,4,2024,15,1,31.0,54.0,18.0,27.0,42.0,33.0,29.25,14.06
2024-04-13,Croissant,54.0,5,13,4,2024,15,1,70.0,88.0,49.0,20.0,75.0,64.0,39.25,21.41
2024-04-14,Danish,35.0,6,14,4,2024,15,1,47.0,29.0,29.0,29.0,26.0,30.3,28.25,14.03
2024-04-14,Croissant,41.0,6,14,4,2024,15,1,36.0,40.0,40.0,45.0,48.0,54.09,35.25,13.94
2024-04-18,Danish,22.0,3,18,4,2024,16,0,13.0,13.0,13.0,25.25,19.0,23.0,25.25,9.11
2024-04-18,Croissant,16.0,3,18,4,2024,16,0,21.0,29.0,29.0,36.5,33.0,51.0,36.5,14.25
2024-04-19,Danish,27.0,4,19,4,2024,16,0,26.0,17.0,17.0,26.0,28.0,27.0,27.5,5.45
2024-04-19,Croissant,60.0,4,19,4,2024,16,0,30.0,45.0,45.0,33.0,64.0,50.0,35.25,16.15
2024-04-20,Croissant,51.0,5,20,4,2024,16,1,54.0,70.0,88.0,49.0,78.0,59.0,42.75,19.52
2024-04-20,Danish,33.0,5,20,4,2024,16,1,27.0,31.0,54.0,18.0,38.0,38.0,27.75,5.38
2024-04-21,Danish,19.0,6,21,4,2024,16,1,35.0,47.0,29.0,29.0,37.0,19.0,29.25,5.91
2024-04-21,Croissant,33.0,6,21,4,2024,16,1,41.0,36.0,40.0,40.0,49.0,59.0,42.0,18.99
2024-04-25,Danish,16.0,3,25,4,2024,17,0,22.0,13.0,13.0,13.0,26.0,23.0,25.25,6.13
2024-04-25,Croissant,18.0,3,25,4,2024,17,0,16.0,21.0,29.0,29.0,48.0,40.0,40.0,19.54
2024-04-26,Danish,27.0,4,26,4,2024,17,0,27.0,26.0,17.0,17.0,41.0,28.0,23.75,7.72
2024-04-26,Croissant,17.0,4,26,4,2024,17,0,60.0,30.0,45.0,45.0,78.0,60.0,40.5,18.73
2024-04-27,Danish,33.0,5,27,4,2024,17,1,33.0,27.0,31.0,54.0,64.0,31.0,23.75,7.72
2024-04-27,Croissant,48.0,5,27,4,2024,17,1,51.0,54.0,70.0,88.0,75.0,80.0,29.75,15.95
2024-04-28,Danish,28.0,6,28,4,2024,17,1,19.0,35.0,47.0,23.75,39.0,16.0,23.75,7.72
2024-04-28,Croissant,53.0,6,28,4,2024,17,1,33.0,41.0,36.0,29.0,35.0,48.0,29.0,14.63
2024-05-02,Croissant,25.0,3,2,5,2024,18,0,18.0,16.0,21.0,34.0,53.0,34.0,34.0,19.17
2024-05-02,Danish,18.0,3,2,5,2024,18,0,16.0,22.0,13.0,26.0,32.0,20.0,26.0,7.16
2024-05-03,Croissant,34.0,4,3,5,2024,18,0,17.0,60.0,30.0,35.75,84.0,61.0,35.75,17.46
2024-05-03,Danish,14.0,4,3,5,2024,18,0,27.0,27.0,26.0,26.5,33.0,25.0,26.5,6.24
2024-05-04,Croissant,54.0,5,4,5,2024,18,1,48.0,51.0,54.0,70.0,89.0,65.0,40.0,12.83
2024-05-04,Danish,45.0,5,4,5,2024,18,1,33.0,33.0,27.0,31.0,55.0,30.0,23.25,8.77
2024-05-05,Croissant,28.0,6,5,5,2024,18,1,53.0,33.0,41.0,36.0,63.0,56.0,41.5,14.34
2024-05-05,Danish,18.0,6,5,5,2024,18,1,28.0,19.0,35.0,47.0,30.0,35.0,26.25,13.82
2024-05-09,Croissant,9.0,3,9,5,2024,19,0,25.0,18.0,16.0,21.0,35.0,42.0,35.25,13.05
2024-05-09,Danish,12.0,3,9,5,2024,19,0,18.0,16.0,22.0,13.0,25.0,39.0,23.75,14.29
2024-05-10,Croissant,38.0,4,10,5,2024,19,0,34.0,17.0,60.0,30.0,70.0,56.0,31.25,18.54
2024-05-10,Danish,32.0,4,10,5,2024,19,0,14.0,27.0,27.0,26.0,31.0,35.0,22.25,15.37
2024-05-11,Danish,50.0,5,11,5,2024,19,1,45.0,33.0,33.0,27.0,56.0,44.0,26.75,14.77
2024-05-11,Croissant,62.0,5,11,5,2024,19,1,54.0,48.0,51.0,54.0,74.0,74.0,32.25,18.84
2024-05-12,Danish,32.0,6,12,5,2024,19,1,18.0,28.0,19.0,35.0,49.0,32.0,28.0,16.89
2024-05-12,Croissant,54.0,6,12,5,2024,19,1,28.0,53.0,33.0,41.0,87.0,53.0,34.25,22.07
2024-05-16,Croissant,21.0,3,16,5,2024,20,0,9.0,25.0,18.0,16.0,55.0,46.0,40.75,23.4
2024-05-16,Danish,26.0,3,16,5,2024,20,0,12.0,18.0,16.0,22.0,26.0,19.0,31.5,15.52
2024-05-17,Danish,14.0,4,17,5,2024,20,0,32.0,14.0,27.0,27.0,44.0,23.0,35.0,10.39
2024-05-17,Croissant,33.0,4,17,5,2024,20,0,38.0,34.0,17.0,60.0,68.0,53.0,43.75,18.15
2024-05-18,Danish,50.0,5,18,5,2024,20,1,50.0,45.0,33.0,33.0,60.0,32.0,30.5,15.0
2024-05-18,Croissant,83.0,5,18,5,2024,20,1,62.0,54.0,48.0,51.0,77.0,124.0,42.5,18.84
2024-05-19,Danish,34.0,6,19,5,2024,20,1,32.0,18.0,28.0,19.0,42.0,37.0,30.5,15.0
2024-05-19,Croissant,48.0,6,19,5,2024,20,1,54.0,28.0,53.0,33.0,47.0,63.0,47.75,27.17
2024-05-23,Danish,15.0,3,23,5,2024,21,0,26.0,12.0,18.0,16.0,27.0,26.0,31.0,15.1
2024-05-23,Croissant,34.0,3,23,5,2024,21,0,21.0,9.0,25.0,18.0,76.0,46.0,46.25,26.87
2024-05-24,Danish,39.0,4,24,5,2024,21,0,14.0,32.0,14.0,27.0,47.0,44.0,28.25,17.17
2024-05-24,Croissant,58.0,4,24,5,2024,21,0,33.0,38.0,34.0,17.0,80.0,81.0,49.5,23.36
2024-05-25,Croissant,89.0,5,25,5,2024,21,1,83.0,62.0,54.0,48.0,89.0,110.0,55.75,20.66
2024-05-25,Danish,50.0,5,25,5,2024,21,1,50.0,50.0,45.0,33.0,56.0,59.0,34.5,14.62
2024-05-26,Croissant,116.0,6,26,5,2024,21,1,48.0,54.0,28.0,53.0,68.0,91.0,57.25,23.34
2024-05-26,Danish,36.0,6,26,5,2024,21,1,34.0,32.0,18.0,28.0,49.0,55.0,34.5,14.62
2024-05-30,Danish,21.0,3,30,5,2024,22,0,15.0,26.0,12.0,18.0,29.0,19.0,35.0,14.63
2024-05-30,Croissant,14.0,3,30,5,2024,22,0,34.0,21.0,9.0,25.0,36.0,38.0,74.25,35.8
2024-05-31,Croissant,73.0,4,31,5,2024,22,0,58.0,33.0,38.0,34.0,64.0,50.0,69.25,43.8
2024-05-31,Danish,1.0,4,31,5,2024,22,0,39.0,14.0,32.0,14.0,34.0,36.0,36.5,11.96
2024-06-01,Danish,44.0,5,1,6,2024,22,1,50.0,50.0,50.0,45.0,49.0,45.0,27.0,20.99
2024-06-01,Croissant,91.0,5,1,6,2024,22,1,89.0,83.0,62.0,54.0,81.0,70.0,73.0,43.15
2024-06-02,Danish,44.0,6,2,6,2024,22,1,36.0,34.0,32.0,18.0,40.0,42.0,25.5,18.91
2024-06-02,Croissant,54.0,6,2,6,2024,22,1,116.0,48.0,54.0,28.0,66.0,55.0,73.5,43.41
2024-06-06,Danish,12.0,3,6,6,2024,23,0,21.0,15.0,26.0,12.0,24.0,36.0,27.5,20.73
2024-06-06,Croissant,27.0,3,6,6,2024,23,0,14.0,34.0,21.0,9.0,33.0,39.0,58.0,32.99
2024-06-07,Danish,10.0,4,7,6,2024,23,0,1.0,39.0,14.0,32.0,41.0,41.0,25.25,22.11
2024-06-07,Croissant,25.0,4,7,6,2024,23,0,73.0,58.0,33.0,38.0,72.0,54.0,61.25,27.38
2024-06-08,Danish,37.0,5,8,6,2024,23,1,44.0,50.0,50.0,50.0,67.0,71.0,27.5,19.07
2024-06-08,Croissant,41.0,5,8,6,2024,23,1,91.0,89.0,83.0,62.0,106.0,145.0,49.25,30.82
2024-06-09,Danish,44.0,6,9,6,2024,23,1,44.0,36.0,34.0,32.0,51.0,47.0,25.75,17.29
2024-06-09,Croissant,14.0,6,9,6,2024,23,1,54.0,116.0,48.0,54.0,90.0,72.0,36.75,13.52
2024-06-13,Croissant,35.0,3,13,6,2024,24,0,27.0,14.0,34.0,21.0,63.0,42.0,26.75,11.09
2024-06-13,Danish,22.0,3,13,6,2024,24,0,12.0,21.0,15.0,26.0,43.0,15.0,19.67,15.04
2024-06-14,Danish,28.0,4,14,6,2024,24,0,10.0,1.0,39.0,14.0,52.0,37.0,23.0,13.53
2024-06-14,Croissant,48.0,4,14,6,2024,24,0,25.0,73.0,58.0,33.0,72.0,68.0,28.75,11.84
2024-06-15,Danish,40.0,5,15,6,2024,24,1,37.0,44.0,50.0,50.0,56.0,50.0,29.0,7.55
2024-06-15,Croissant,69.0,5,15,6,2024,24,1,41.0,91.0,89.0,83.0,60.0,122.0,34.5,14.66
2024-06-16,Croissant,66.0,6,16,6,2024,24,1,14.0,54.0,116.0,48.0,90.0,76.0,41.5,23.07
2024-06-16,Danish,34.0,6,16,6,2024,24,1,44.0,44.0,36.0,34.0,66.0,26.0,30.0,9.17
2024-06-20,Danish,10.0,3,20,6,2024,25,0,22.0,12.0,21.0,15.0,38.0,36.0,31.0,7.75
2024-06-20,Croissant,20.0,3,20,6,2024,25,0,35.0,27.0,14.0,34.0,66.0,86.0,54.5,15.97
2024-06-21,Danish,11.0,4,21,6,2024,25,0,28.0,10.0,1.0,39.0,47.0,28.0,28.0,12.96
2024-06-21,Croissant,68.0,4,21,6,2024,25,0,48.0,25.0,73.0,58.0,59.0,64.0,50.75,22.5
2024-06-22,Croissant,67.0,5,22,6,2024,25,1,69.0,41.0,91.0,89.0,92.0,93.0,55.75,23.87
2024-06-22,Danish,48.0,5,22,6,2024,25,1,40.0,37.0,44.0,50.0,65.0,52.0,23.75,15.5
2024-06-23,Croissant,36.0,6,23,6,2024,25,1,66.0,14.0,54.0,116.0,55.0,44.0,55.25,23.51
2024-06-23,Danish,38.0,6,23,6,2024,25,1,34.0,44.0,44.0,36.0,46.0,27.0,25.75,18.52
2024-06-27,Croissant,35.0,3,27,6,2024,26,0,20.0,35.0,27.0,14.0,56.0,70.0,47.75,23.73
2024-06-27,Danish,29.0,3,27,6,2024,26,0,10.0,22.0,12.0,21.0,33.0,30.3,26.75,19.21
2024-06-28,Croissant,38.0,4,28,6,2024,26,0,68.0,48.0,25.0,73.0,76.0,80.0,51.5,18.48
2024-06-28,Danish,10.0,4,28,6,2024,26,0,11.0,28.0,10.0,1.0,65.0,42.0,31.5,15.72
2024-06-29,Danish,37.0,5,29,6,2024,26,1,48.0,40.0,37.0,44.0,70.0,57.0,31.25,16.15
2024-06-29,Croissant,74.0,5,29,6,2024,26,1,67.0,69.0,41.0,91.0,110.0,125.0,44.0,15.38
2024-06-30,Danish,33.0,6,30,6,2024,26,1,38.0,34.0,44.0,44.0,50.0,63.0,28.5,12.97
2024-06-30,Croissant,43.0,6,30,6,2024,26,1,36.0,66.0,14.0,54.0,67.0,51.0,45.75,18.87
2024-07-04,Croissant,78.0,3,4,7,2024,27,0,35.0,20.0,35.0,27.0,50.0,69.0,47.5,17.97
2024-07-04,Danish,63.0,3,4,7,2024,27,0,29.0,10.0,22.0,12.0,44.0,46.0,27.25,11.95
2024-07-05,Danish,43.0,4,5,7,2024,27,0,10.0,11.0,28.0,10.0,44.0,53.0,35.75,21.72
2024-07-05,Croissant,63.0,4,5,7,2024,27,0,38.0,68.0,48.0,25.0,81.0,90.0,58.25,20.66
2024-07-06,Croissant,61.0,5,6,7,2024,27,1,74.0,67.0,69.0,41.0,98.0,95.0,64.5,15.67
2024-07-06,Danish,84.0,5,6,7,2024,27,1,37.0,48.0,40.0,37.0,66.0,53.0,44.0,13.32
2024-07-07,Croissant,81.0,6,7,7,2024,27,1,43.0,36.0,66.0,14.0,58.0,87.0,61.25,14.34
2024-07-07,Danish,42.0,6,7,7,2024,27,1,33.0,38.0,34.0,55.75,53.0,49.0,55.75,22.59
2024-07-11,Croissant,44.0,3,11,7,2024,28,0,78.0,35.0,20.0,35.0,31.0,88.0,70.75,10.21
2024-07-11,Danish,34.0,3,11,7,2024,28,0,63.0,29.0,10.0,22.0,54.0,45.0,58.0,19.85
2024-07-12,Croissant,86.0,4,12,7,2024,28,0,63.0,38.0,68.0,48.0,98.0,49.0,62.25,15.13
2024-07-12,Danish,33.0,4,12,7,2024,28,0,43.0,10.0,11.0,28.0,42.0,17.0,50.75,22.53
2024-07-13,Croissant,70.0,5,13,7,2024,28,1,61.0,74.0,67.0,69.0,101.0,92.0,68.0,19.3
2024-07-13,Danish,65.0,5,13,7,2024,28,1,84.0,37.0,48.0,40.0,62.0,53.0,48.25,24.17
2024-07-14,Danish,59.0,6,14,7,2024,28,1,42.0,33.0,38.0,34.0,53.0,53.0,43.5,14.89
2024-07-14,Croissant,84.0,6,14,7,2024,28,1,81.0,43.0,36.0,66.0,73.0,54.0,70.25,18.73
2024-07-18,Croissant,45.0,3,18,7,2024,29,0,44.0,78.0,35.0,20.0,56.0,49.0,71.0,19.36
2024-07-18,Danish,43.0,3,18,7,2024,29,0,34.0,63.0,29.0,10.0,43.0,40.0,47.75,16.64
2024-07-19,Danish,50.0,4,19,7,2024,29,0,33.0,43.0,10.0,11.0,84.0,8.0,50.0,14.65
2024-07-19,Croissant,83.0,4,19,7,2024,29,0,86.0,63.0,38.0,68.0,67.0,118.0,71.25,18.89
2024-07-20,Danish,80.0,5,20,7,2024,29,1,65.0,84.0,37.0,48.0,65.0,62.0,54.25,9.71
2024-07-20,Croissant,101.0,5,20,7,2024,29,1,70.0,61.0,74.0,67.0,71.0,79.0,70.5,18.16
2024-07-21,Danish,44.0,6,21,7,2024,29,1,59.0,42.0,33.0,38.0,56.0,48.0,58.0,16.06
2024-07-21,Croissant,75.0,6,21,7,2024,29,1,84.0,81.0,43.0,36.0,96.0,46.0,78.25,23.66
2024-07-25,Croissant,75.0,3,25,7,2024,30,0,45.0,44.0,78.0,35.0,56.0,91.0,76.0,23.35
2024-07-25,Danish,38.0,3,25,7,2024,30,0,43.0,34.0,63.0,29.0,53.0,40.0,54.25,17.44
2024-07-26,Croissant,92.0,4,26,7,2024,30,0,83.0,86.0,63.0,38.0,79.0,82.0,83.5,12.26
2024-07-26,Danish,64.0,4,26,7,2024,30,0,50.0,33.0,43.0,10.0,47.0,22.0,53.0,18.65
2024-07-27,Croissant,92.0,5,27,7,2024,30,1,101.0,70.0,61.0,74.0,106.0,109.0,85.75,12.95
2024-07-27,Danish,71.0,5,27,7,2024,30,1,80.0,65.0,84.0,37.0,82.0,53.0,56.5,19.21
2024-07-28,Danish,58.0,6,28,7,2024,30,1,44.0,59.0,42.0,33.0,53.0,33.0,54.25,15.76
2024-07-28,Croissant,86.0,6,28,7,2024,30,1,75.0,84.0,81.0,43.0,65.0,124.0,83.5,9.81
2024-08-01,Croissant,57.0,3,1,8,2024,31,0,75.0,45.0,44.0,78.0,94.0,110.0,86.25,8.02
2024-08-01,Danish,43.0,3,1,8,2024,31,0,38.0,43.0,34.0,63.0,59.0,57.0,57.75,14.2
2024-08-02,Croissant,88.0,4,2,8,2024,31,0,92.0,83.0,86.0,63.0,75.0,74.0,81.75,16.74
2024-08-02,Danish,67.0,4,2,8,2024,31,0,64.0,50.0,33.0,43.0,62.0,30.0,59.0,11.92
2024-08-03,Danish,37.0,5,3,8,2024,31,1,71.0,80.0,65.0,84.0,70.0,45.0,59.75,12.42
2024-08-03,Croissant,102.0,5,3,8,2024,31,1,92.0,101.0,70.0,61.0,114.0,114.0,80.75,16.03
2024-08-04,Croissant,66.0,6,4,8,2024,31,1,86.0,75.0,84.0,81.0,71.0,100.0,83.25,18.89
2024-08-04,Danish,33.0,6,4,8,2024,31,1,58.0,44.0,59.0,42.0,53.0,27.0,51.25,13.72
2024-08-08,Croissant,82.0,3,8,8,2024,32,0,57.0,75.0,45.0,44.0,97.0,101.0,78.25,20.5
2024-08-08,Danish,54.0,3,8,8,2024,32,0,43.0,38.0,43.0,34.0,58.0,30.3,45.0,15.23
2024-08-09,Croissant,46.0,4,9,8,2024,32,0,88.0,92.0,83.0,86.0,89.0,98.0,84.5,14.91
2024-08-09,Danish,51.0,4,9,8,2024,32,0,67.0,64.0,50.0,33.0,66.0,36.0,47.75,15.73
2024-08-10,Croissant,87.0,5,10,8,2024,32,1,102.0,92.0,101.0,70.0,113.0,102.0,74.0,23.78
2024-08-10,Danish,57.0,5,10,8,2024,32,1,37.0,71.0,80.0,65.0,66.0,47.0,43.75,10.31
2024-08-11,Croissant,89.0,6,11,8,2024,32,1,66.0,86.0,75.0,84.0,84.0,104.0,70.25,18.48
2024-08-11,Danish,46.0,6,11,8,2024,32,1,33.0,58.0,44.0,59.0,71.0,51.0,48.75,10.78
2024-08-15,Danish,45.0,3,15,8,2024,33,0,54.0,43.0,38.0,43.0,43.0,2.0,52.0,4.69
2024-08-15,Croissant,81.0,3,15,8,2024,33,0,82.0,57.0,75.0,45.0,86.0,35.0,76.0,20.22
2024-08-16,Croissant,87.0,4,16,8,2024,33,0,46.0,88.0,92.0,83.0,97.0,47.0,75.75,20.12
2024-08-16,Danish,43.0,4,16,8,2024,33,0,51.0,67.0,64.0,50.0,54.0,55.0,49.75,5.5
2024-08-17,Danish,37.0,5,17,8,2024,33,1,57.0,37.0,71.0,80.0,68.0,48.0,47.75,6.29
2024-08-17,Croissant,89.0,5,17,8,2024,33,1,87.0,102.0,92.0,101.0,102.0,97.0,86.0,3.46
2024-08-18,Croissant,66.0,6,18,8,2024,33,1,89.0,66.0,86.0,75.0,86.0,58.0,86.5,3.79
2024-08-18,Danish,32.0,6,18,8,2024,33,1,46.0,33.0,58.0,44.0,74.0,42.0,42.75,4.03
2024-08-22,Croissant,75.0,3,22,8,2024,34,0,81.0,82.0,57.0,75.0,74.0,54.09,80.75,10.4
2024-08-22,Danish,35.0,3,22,8,2024,34,0,45.0,54.0,43.0,38.0,34.0,30.3,39.25,5.91
2024-08-23,Croissant,62.0,4,23,8,2024,34,0,87.0,46.0,88.0,92.0,69.0,84.0,79.25,10.78
2024-08-23,Danish,47.0,4,23,8,2024,34,0,43.0,51.0,67.0,64.0,64.0,30.3,36.75,4.65
2024-08-24,Danish,34.0,5,24,8,2024,34,1,37.0,57.0,37.0,71.0,67.0,30.3,37.75,6.5
2024-08-24,Croissant,74.0,5,24,8,2024,34,1,89.0,87.0,102.0,92.0,102.0,115.0,73.0,11.97
2024-08-25,Danish,46.0,6,25,8,2024,34,1,32.0,46.0,33.0,58.0,49.0,39.0,37.0,6.78
2024-08-25,Croissant,78.0,6,25,8,2024,34,1,66.0,89.0,66.0,86.0,68.0,66.0,69.25,6.29
2024-08-29,Danish,36.0,3,29,8,2024,35,0,35.0,45.0,54.0,43.0,45.0,30.3,40.5,6.95
2024-08-29,Croissant,61.0,3,29,8,2024,35,0,75.0,81.0,82.0,57.0,66.0,54.09,72.25,7.04
2024-08-30,Croissant,64.0,4,30,8,2024,35,0,62.0,87.0,46.0,88.0,78.0,89.0,68.75,8.54
2024-08-30,Danish,28.0,4,30,8,2024,35,0,47.0,43.0,51.0,67.0,58.0,46.0,40.75,6.7
2024-08-31,Croissant,94.0,5,31,8,2024,35,1,74.0,89.0,87.0,102.0,111.0,103.0,69.25,8.06
2024-08-31,Danish,44.0,5,31,8,2024,35,1,34.0,37.0,57.0,37.0,57.0,46.0,36.0,7.48
2024-09-01,Danish,35.0,6,1,9,2024,35,1,46.0,32.0,46.0,33.0,65.0,20.0,38.5,8.23
2024-09-01,Croissant,69.0,6,1,9,2024,35,1,78.0,66.0,89.0,66.0,82.0,44.0,74.25,15.11
2024-09-05,Danish,26.0,3,5,9,2024,36,0,36.0,35.0,45.0,54.0,30.0,34.0,35.75,6.55
2024-09-05,Croissant,29.0,3,5,9,2024,36,0,61.0,75.0,81.0,82.0,32.0,60.0,72.0,15.03
2024-09-06,Danish,33.0,4,6,9,2024,36,0,28.0,47.0,43.0,51.0,49.0,32.0,33.25,8.14
2024-09-06,Croissant,50.0,4,6,9,2024,36,0,64.0,62.0,87.0,46.0,59.0,68.0,64.0,26.77
2024-09-07,Danish,32.0,5,7,9,2024,36,1,44.0,34.0,37.0,57.0,55.0,51.0,34.5,7.42
2024-09-07,Croissant,69.0,5,7,9,2024,36,1,94.0,74.0,89.0,87.0,58.0,103.0,60.5,27.67
2024-09-08,Danish,28.0,6,8,9,2024,36,1,35.0,46.0,32.0,46.0,43.0,31.0,31.5,3.87
2024-09-08,Croissant,58.0,6,8,9,2024,36,1,69.0,78.0,66.0,89.0,79.0,69.0,54.25,19.07
2024-09-12,Danish,23.0,3,12,9,2024,37,0,26.0,36.0,35.0,45.0,30.3,32.0,29.75,3.3
2024-09-12,Croissant,44.0,3,12,9,2024,37,0,29.0,61.0,75.0,81.0,54.09,55.0,51.5,16.9
2024-09-13,Croissant,51.0,4,13,9,2024,37,0,50.0,64.0,62.0,87.0,54.09,97.0,55.25,10.81
2024-09-13,Danish,42.0,4,13,9,2024,37,0,33.0,28.0,47.0,43.0,30.3,7.0,29.0,4.55
2024-09-14,Croissant,69.0,5,14,9,2024,37,1,69.0,94.0,74.0,89.0,84.0,91.0,55.5,10.66
2024-09-14,Danish,60.0,5,14,9,2024,37,1,32.0,44.0,34.0,37.0,40.0,32.0,31.25,8.06
2024-09-15,Danish,28.0,6,15,9,2024,37,1,28.0,35.0,46.0,32.0,53.0,40.0,38.25,16.58
2024-09-15,Croissant,37.0,6,15,9,2024,37,1,58.0,69.0,78.0,66.0,83.0,71.0,55.5,10.66
2024-09-19,Croissant,34.0,3,19,9,2024,38,0,44.0,29.0,61.0,75.0,54.09,66.0,50.25,13.74
2024-09-19,Danish,27.0,3,19,9,2024,38,0,23.0,26.0,36.0,35.0,30.3,36.0,41.67,18.5
2024-09-20,Danish,54.0,4,20,9,2024,38,0,42.0,33.0,28.0,47.0,49.0,28.0,43.0,16.52
2024-09-20,Croissant,85.0,4,20,9,2024,38,0,51.0,50.0,64.0,62.0,85.0,78.0,47.75,15.99
2024-09-21,Danish,30.0,5,21,9,2024,38,1,60.0,32.0,44.0,34.0,81.0,28.0,47.0,17.58
2024-09-21,Croissant,68.0,5,21,9,2024,38,1,69.0,69.0,94.0,74.0,94.0,105.0,56.25,24.86
2024-09-22,Danish,32.0,6,22,9,2024,38,1,28.0,28.0,35.0,46.0,33.0,23.0,37.0,14.8
2024-09-22,Croissant,61.0,6,22,9,2024,38,1,37.0,58.0,69.0,78.0,93.0,77.0,56.0,24.7
2024-09-26,Croissant,31.0,3,26,9,2024,39,0,34.0,44.0,29.0,61.0,54.09,54.09,62.0,21.21
2024-09-26,Danish,27.0,3,26,9,2024,39,0,27.0,23.0,26.0,36.0,30.3,30.3,35.75,12.34
2024-09-27,Danish,29.0,4,27,9,2024,39,0,54.0,42.0,33.0,28.0,48.0,38.0,35.75,12.34
2024-09-27,Croissant,27.0,4,27,9,2024,39,0,85.0,51.0,50.0,64.0,65.0,97.0,61.25,22.54
2024-09-28,Croissant,70.0,5,28,9,2024,39,1,68.0,69.0,69.0,94.0,65.0,113.0,46.75,20.76
2024-09-28,Danish,43.0,5,28,9,2024,39,1,30.0,60.0,32.0,44.0,59.0,42.0,29.5,2.08
2024-09-29,Croissant,37.0,6,29,9,2024,39,1,61.0,37.0,58.0,69.0,60.0,64.0,47.25,21.45
2024-09-29,Danish,35.0,6,29,9,2024,39,1,32.0,28.0,28.0,35.0,34.0,35.0,32.75,7.14
2024-10-03,Croissant,31.0,3,3,10,2024,40,0,31.0,34.0,44.0,29.0,54.09,66.0,41.25,19.6
2024-10-03,Danish,27.0,3,3,10,2024,40,0,27.0,27.0,23.0,26.0,30.3,32.0,33.5,7.19
2024-10-04,Croissant,27.0,4,4,10,2024,40,0,27.0,85.0,51.0,50.0,84.0,52.0,44.67,22.5
2024-10-04,Danish,29.0,4,4,10,2024,40,0,29.0,54.0,42.0,33.0,41.0,26.0,35.67,7.02
2024-10-05,Croissant,51.0,5,5,10,2024,40,1,70.0,68.0,69.0,69.0,106.0,116.0,53.5,23.33
2024-10-05,Danish,43.0,5,5,10,2024,40,1,43.0,30.0,60.0,32.0,57.0,49.0,39.0,5.66
2024-10-06,Danish,30.0,6,6,10,2024,40,1,35.0,32.0,28.0,28.0,43.0,38.0,35.0,0.0
2024-10-06,Croissant,38.0,6,6,10,2024,40,1,37.0,61.0,37.0,58.0,78.0,94.0,44.0,9.9
2024-10-10,Croissant,43.0,3,10,10,2024,41,0,31.0,31.0,34.0,44.0,54.09,64.0,44.5,9.19
2024-10-10,Danish,14.0,3,10,10,2024,41,0,27.0,27.0,27.0,23.0,30.3,31.0,30.0,0.0
2024-10-11,Danish,28.0,4,11,10,2024,41,0,29.0,29.0,54.0,42.0,38.0,38.0,22.0,11.31
2024-10-11,Croissant,51.0,4,11,10,2024,41,0,27.0,27.0,85.0,51.0,66.0,91.0,44.0,6.56
2024-10-12,Danish,39.0,5,12,10,2024,41,1,43.0,43.0,30.0,60.0,46.0,43.0,24.0,8.72
2024-10-12,Croissant,66.0,5,12,10,2024,41,1,51.0,70.0,68.0,69.0,86.0,94.0,45.75,6.4
2024-10-13,Danish,32.0,6,13,10,2024,41,1,30.0,35.0,32.0,27.75,46.0,37.0,27.75,10.34
2024-10-13,Croissant,42.0,6,13,10,2024,41,1,38.0,37.0,61.0,37.0,26.0,64.0,49.5,12.23
2024-10-17,Croissant,30.0,3,17,10,2024,42,0,43.0,31.0,31.0,34.0,54.09,40.0,50.5,11.09
2024-10-17,Danish,20.0,3,17,10,2024,42,0,14.0,27.0,27.0,27.0,30.3,30.0,28.25,10.53
2024-10-18,Croissant,42.0,4,18,10,2024,42,0,51.0,27.0,27.0,85.0,38.0,85.0,47.25,15.17
2024-10-18,Danish,31.0,4,18,10,2024,42,0,28.0,29.0,29.0,54.0,40.0,45.0,29.75,7.93
2024-10-19,Croissant,57.0,5,19,10,2024,42,1,66.0,51.0,70.0,68.0,66.0,87.0,45.0,15.1
2024-10-19,Danish,35.0,5,19,10,2024,42,1,39.0,43.0,43.0,30.0,61.0,22.0,30.5,7.85
2024-10-20,Danish,20.0,6,20,10,2024,42,1,32.0,30.0,35.0,32.0,33.0,30.0,29.5,6.56
2024-10-20,Croissant,48.0,6,20,10,2024,42,1,42.0,38.0,37.0,61.0,77.0,72.0,42.75,11.06
2024-10-24,Danish,17.0,3,24,10,2024,43,0,20.0,14.0,27.0,27.0,30.3,23.0,26.5,7.68
2024-10-24,Croissant,27.0,3,24,10,2024,43,0,30.0,43.0,31.0,31.0,54.09,51.0,44.25,11.32
2024-10-25,Croissant,40.0,4,25,10,2024,43,0,42.0,51.0,27.0,27.0,71.0,59.0,43.5,12.61
2024-10-25,Danish,37.0,4,25,10,2024,43,0,31.0,28.0,29.0,29.0,36.0,37.0,25.75,8.62
2024-10-26,Danish,48.0,5,26,10,2024,43,1,35.0,39.0,43.0,43.0,40.0,31.0,27.25,10.21
2024-10-26,Croissant,54.0,5,26,10,2024,43,1,57.0,66.0,51.0,70.0,65.0,81.0,43.0,12.73
2024-10-27,Croissant,35.0,6,27,10,2024,43,1,48.0,42.0,38.0,37.0,34.0,60.0,42.25,11.67
2024-10-27,Danish,35.0,6,27,10,2024,43,1,20.0,32.0,30.0,35.0,21.0,22.0,30.5,14.62
2024-10-31,Croissant,10.0,3,31,10,2024,44,0,27.0,30.0,43.0,39.0,54.09,41.0,39.0,11.34
2024-10-31,Danish,19.0,3,31,10,2024,44,0,17.0,20.0,14.0,34.25,30.3,17.0,34.25,12.84
2024-11-01,Croissant,24.0,4,1,11,2024,44,0,40.0,42.0,51.0,34.75,58.0,63.0,34.75,18.36
2024-11-01,Danish,34.0,4,1,11,2024,44,0,37.0,31.0,28.0,34.75,26.0,30.0,34.75,11.95
2024-11-02,Croissant,52.0,5,2,11,2024,44,1,54.0,57.0,66.0,51.0,58.0,136.0,30.75,18.57
2024-11-02,Danish,42.0,5,2,11,2024,44,1,48.0,35.0,39.0,34.0,45.0,19.0,34.0,11.86
2024-11-03,Danish,15.0,6,3,11,2024,44,1,35.0,20.0,32.0,30.0,33.0,38.0,32.5,9.68
2024-11-03,Croissant,39.0,6,3,11,2024,44,1,35.0,48.0,42.0,38.0,36.0,59.0,30.25,17.75
2024-11-07,Croissant,16.0,3,7,11,2024,45,0,10.0,27.0,30.0,43.0,54.09,40.0,31.25,18.21
2024-11-07,Danish,16.0,3,7,11,2024,45,0,19.0,17.0,20.0,14.0,30.3,17.0,27.5,12.66
2024-11-08,Croissant,26.0,4,8,11,2024,45,0,24.0,40.0,42.0,51.0,56.0,45.0,32.75,15.99
2024-11-08,Danish,17.0,4,8,11,2024,45,0,34.0,37.0,31.0,28.0,33.0,21.0,26.75,13.4
2024-11-09,Croissant,33.0,5,9,11,2024,45,1,52.0,54.0,57.0,66.0,67.0,86.0,33.25,15.65
2024-11-09,Danish,15.0,5,9,11,2024,45,1,42.0,48.0,35.0,39.0,0.0,35.0,22.5,13.03
2024-11-10,Croissant,31.0,6,10,11,2024,45,1,39.0,35.0,48.0,42.0,33.0,58.0,28.5,9.88
2024-11-10,Danish,16.0,6,10,11,2024,45,1,15.0,35.0,20.0,32.0,29.0,18.0,15.75,0.96
2024-11-14,Croissant,11.0,3,14,11,2024,46,0,16.0,10.0,27.0,30.0,54.09,44.0,26.5,7.59
2024-11-14,Danish,18.0,3,14,11,2024,46,0,16.0,19.0,17.0,20.0,30.3,18.0,16.0,0.82
2024-11-15,Danish,32.0,4,15,11,2024,46,0,17.0,34.0,37.0,31.0,30.3,24.0,16.5,1.29
2024-11-15,Croissant,34.0,4,15,11,2024,46,0,26.0,24.0,40.0,42.0,54.09,53.0,25.25,9.95
2024-11-16,Danish,39.0,5,16,11,2024,46,1,15.0,42.0,48.0,35.0,30.3,33.0,20.25,7.93
2024-11-16,Croissant,48.0,5,16,11,2024,46,1,33.0,52.0,54.0,57.0,54.09,62.0,27.25,10.9
2024-11-17,Danish,33.0,6,17,11,2024,46,1,16.0,15.0,35.0,20.0,30.3,13.0,26.25,11.09
2024-11-17,Croissant,41.0,6,17,11,2024,46,1,31.0,39.0,35.0,48.0,54.09,41.0,31.0,15.25
2024-11-21,Croissant,24.0,3,21,11,2024,47,0,11.0,16.0,10.0,27.0,0.0,0.0,33.5,16.05
2024-11-21,Danish,18.0,3,21,11,2024,47,0,18.0,16.0,19.0,17.0,0.0,0.0,30.5,8.89
2024-11-22,Danish,17.0,4,22,11,2024,47,0,32.0,17.0,34.0,37.0,30.3,30.3,30.5,8.89
2024-11-22,Croissant,17.0,4,22,11,2024,47,0,34.0,26.0,24.0,40.0,54.09,54.09,36.75,10.24
2024-11-23,Danish,48.0,5,23,11,2024,47,1,39.0,15.0,42.0,48.0,30.3,30.3,26.75,10.97
2024-11-23,Croissant,52.0,5,23,11,2024,47,1,48.0,33.0,52.0,54.0,54.09,54.09,32.5,14.43
2024-11-24,Danish,18.0,6,24,11,2024,47,1,33.0,16.0,15.0,35.0,30.3,15.0,29.0,14.63
2024-11-24,Croissant,36.0,6,24,11,2024,47,1,41.0,31.0,39.0,35.0,54.09,30.0,33.5,15.93
2024-11-28,Croissant,0.0,3,28,11,2024,48,0,24.0,11.0,16.0,10.0,54.09,30.0,32.25,15.33
2024-11-28,Danish,0.0,3,28,11,2024,48,0,18.0,18.0,16.0,19.0,30.3,16.0,25.25,15.17
2024-11-29,Croissant,17.0,4,29,11,2024,48,0,17.0,34.0,26.0,24.0,33.0,35.0,26.25,22.6
2024-11-29,Danish,17.0,4,29,11,2024,48,0,17.0,32.0,17.0,34.0,12.0,15.0,20.75,19.96
2024-11-30,Croissant,42.0,5,30,11,2024,48,1,52.0,48.0,33.0,52.0,40.0,45.0,29.33,26.63
2024-11-30,Danish,25.0,5,30,11,2024,48,1,48.0,39.0,15.0,42.0,39.0,19.0,22.0,24.25
2024-12-01,Danish,17.0,6,1,12,2024,48,1,18.0,33.0,16.0,15.0,22.0,18.0,14.33,12.9
2024-12-01,Croissant,17.0,6,1,12,2024,48,1,36.0,41.0,31.0,39.0,33.0,38.0,26.0,22.72
2024-12-05,Croissant,7.0,3,5,12,2024,49,0,0.0,24.0,11.0,16.0,54.09,47.0,19.67,21.13
2024-12-05,Danish,10.0,3,5,12,2024,49,0,0.0,18.0,18.0,16.0,30.3,20.0,14.0,12.77
2024-12-06,Danish,21.0,4,6,12,2024,49,0,17.0,17.0,32.0,17.0,22.0,10.0,17.33,7.51
2024-12-06,Croissant,17.0,4,6,12,2024,49,0,17.0,17.0,34.0,26.0,50.0,39.0,22.0,18.03
2024-12-07,Danish,30.0,5,7,12,2024,49,1,25.0,48.0,39.0,15.0,42.0,26.0,18.25,6.4
2024-12-07,Croissant,34.0,5,7,12,2024,49,1,42.0,52.0,48.0,33.0,42.0,46.0,20.75,14.93
2024-12-08,Danish,17.0,6,8,12,2024,49,1,17.0,18.0,33.0,16.0,17.0,5.0,19.5,8.35
2024-12-08,Croissant,20.0,6,8,12,2024,49,1,17.0,36.0,41.0,31.0,36.0,25.0,18.75,11.21
2024-12-12,Croissant,8.0,3,12,12,2024,50,0,7.0,0.0,24.0,11.0,54.09,37.0,19.5,11.15
2024-12-12,Danish,3.0,3,12,12,2024,50,0,10.0,0.0,18.0,18.0,30.3,12.0,19.5,8.35
2024-12-13,Danish,11.0,4,13,12,2024,50,0,21.0,17.0,17.0,32.0,23.0,16.0,17.75,11.24
2024-12-13,Croissant,26.0,4,13,12,2024,50,0,17.0,17.0,17.0,34.0,39.0,39.0,19.75,10.78
2024-12-14,Danish,17.0,5,14,12,2024,50,1,30.0,25.0,48.0,39.0,32.0,24.0,15.25,11.38
2024-12-14,Croissant,24.0,5,14,12,2024,50,1,34.0,42.0,52.0,48.0,55.0,56.0,22.0,10.95
2024-12-15,Danish,10.0,6,15,12,2024,50,1,17.0,17.0,18.0,33.0,26.0,8.0,12.0,6.63
2024-12-15,Croissant,26.0,6,15,12,2024,50,1,20.0,17.0,36.0,41.0,24.0,27.0,19.5,8.06
2024-12-19,Croissant,3.0,3,19,12,2024,51,0,8.0,7.0,0.0,24.0,54.09,54.09,21.0,8.72
2024-12-19,Danish,3.0,3,19,12,2024,51,0,3.0,10.0,0.0,18.0,30.3,30.3,10.25,5.74
2024-12-20,Danish,11.0,4,20,12,2024,51,0,11.0,21.0,17.0,17.0,21.0,21.0,12.67,3.79
2024-12-20,Croissant,15.0,4,20,12,2024,51,0,26.0,17.0,17.0,17.0,46.0,76.0,19.75,11.21
2024-12-21,Danish,18.0,5,21,12,2024,51,1,17.0,30.0,25.0,48.0,32.0,24.0,12.67,3.79
2024-12-21,Croissant,40.0,5,21,12,2024,51,1,24.0,34.0,42.0,52.0,54.0,84.0,17.0,10.49
2024-12-22,Danish,20.0,6,22,12,2024,51,1,10.0,17.0,17.0,18.0,41.0,0.0,13.0,4.36
2024-12-22,Croissant,38.0,6,22,12,2024,51,1,26.0,20.0,17.0,36.0,53.0,0.0,21.0,15.77
2024-12-26,Danish,3.0,3,26,12,2024,52,0,3.0,3.0,10.0,0.0,30.3,17.0,16.33,4.73
2024-12-26,Croissant,3.0,3,26,12,2024,52,0,3.0,8.0,7.0,0.0,54.09,50.0,24.0,18.02
2024-12-27,Danish,11.0,4,27,12,2024,52,0,11.0,11.0,21.0,16.33,20.0,21.0,16.33,4.73
2024-12-27,Croissant,9.0,4,27,12,2024,52,0,15.0,26.0,17.0,31.0,31.0,49.0,31.0,13.89
2024-12-28,Danish,25.0,5,28,12,2024,52,1,18.0,17.0,30.0,25.0,26.0,29.0,22.5,3.54
2024-12-28,Croissant,28.0,5,28,12,2024,52,1,40.0,24.0,34.0,42.0,35.0,0.0,29.0,17.35
2024-12-28,Danish,25.0,5,28,12,2024,52,1,18.0,17.0,30.0,25.0,26.0,0.0,19.0,1.41
2024-12-28,Croissant,28.0,5,28,12,2024,52,1,40.0,24.0,34.0,42.0,35.0,78.0,25.0,14.73
2024-12-29,Croissant,19.0,6,29,12,2024,52,1,38.0,26.0,20.0,17.0,33.0,27.0,21.0,9.06
2024-12-29,Croissant,19.0,6,29,12,2024,52,1,38.0,26.0,20.0,17.0,0.0,27.0,21.67,10.97
2024-12-29,Danish,13.0,6,29,12,2024,52,1,20.0,10.0,17.0,17.0,0.0,9.0,25.0,0.0
2024-12-29,Danish,13.0,6,29,12,2024,52,1,20.0,10.0,17.0,17.0,8.0,9.0,21.0,6.93
